First Name,Last Name,MTG #,Session Date,Session Type,Present
Paul,Ainslie,1,2022-11-23,Afternoon,Y
Brad,Bradford,1,2022-11-23,Afternoon,Y
Alejandra,Bravo,1,2022-11-23,Afternoon,Y
Jon,Burnside,1,2022-11-23,Afternoon,Y
Shelley,Carroll,1,2022-11-23,Afternoon,Y
Lily,Cheng,1,2022-11-23,Afternoon,Y
Mike,Colle,1,2022-11-23,Afternoon,Y
Gary,Crawford,1,2022-11-23,Afternoon,Y
Vincent,Crisanti,1,2022-11-23,Afternoon,Y
Paula,Fletcher,1,2022-11-23,Afternoon,Y
Stephen,Holyday,1,2022-11-23,Afternoon,Y
Ausma,Malik,1,2022-11-23,Afternoon,Y
Nick,Mantas,1,2022-11-23,Afternoon,Y
Josh,Matlow,1,2022-11-23,Afternoon,Y
Jennifer,McKelvie,1,2022-11-23,Afternoon,Y
Chris,Moise,1,2022-11-23,Afternoon,Y
Amber,Morley,1,2022-11-23,Afternoon,Y
Jamaal,Myers,1,2022-11-23,Afternoon,Y
Frances,Nunziata,1,2022-11-23,Afternoon,Y
James,Pasternak,1,2022-11-23,Afternoon,Y
Gord,Perks,1,2022-11-23,Afternoon,Y
Anthony,Perruzza,1,2022-11-23,Afternoon,Y
Jaye,Robinson,1,2022-11-23,Afternoon,Y
Dianne,Saxe,1,2022-11-23,Afternoon,Y
Michael,Thompson,1,2022-11-23,Afternoon,Y
Paul,Ainslie,1,2022-11-24,Afternoon,Y
Paul,Ainslie,1,2022-11-24,Afternoon,Y
Brad,Bradford,1,2022-11-24,Afternoon,Y
Brad,Bradford,1,2022-11-24,Afternoon,Y
Alejandra,Bravo,1,2022-11-24,Afternoon,Y
Alejandra,Bravo,1,2022-11-24,Afternoon,Y
Jon,Burnside,1,2022-11-24,Afternoon,Y
Jon,Burnside,1,2022-11-24,Afternoon,Y
Shelley,Carroll,1,2022-11-24,Afternoon,Y
Shelley,Carroll,1,2022-11-24,Afternoon,Y
Lily,Cheng,1,2022-11-24,Afternoon,Y
Lily,Cheng,1,2022-11-24,Afternoon,Y
Mike,Colle,1,2022-11-24,Afternoon,Y
Mike,Colle,1,2022-11-24,Afternoon,Y
Gary,Crawford,1,2022-11-24,Afternoon,Y
Gary,Crawford,1,2022-11-24,Afternoon,Y
Vincent,Crisanti,1,2022-11-24,Afternoon,Y
Vincent,Crisanti,1,2022-11-24,Afternoon,Y
Paula,Fletcher,1,2022-11-24,Afternoon,Y
Paula,Fletcher,1,2022-11-24,Afternoon,Y
Stephen,Holyday,1,2022-11-24,Afternoon,Y
Stephen,Holyday,1,2022-11-24,Afternoon,Y
Ausma,Malik,1,2022-11-24,Afternoon,Y
Ausma,Malik,1,2022-11-24,Afternoon,Y
Nick,Mantas,1,2022-11-24,Afternoon,Y
Nick,Mantas,1,2022-11-24,Afternoon,Y
Josh,Matlow,1,2022-11-24,Afternoon,Y
Josh,Matlow,1,2022-11-24,Afternoon,Y
Jennifer,McKelvie,1,2022-11-24,Afternoon,Y
Jennifer,McKelvie,1,2022-11-24,Afternoon,Y
Chris,Moise,1,2022-11-24,Afternoon,Y
Chris,Moise,1,2022-11-24,Afternoon,Y
Amber,Morley,1,2022-11-24,Afternoon,Y
Amber,Morley,1,2022-11-24,Afternoon,Y
Jamaal,Myers,1,2022-11-24,Afternoon,Y
Jamaal,Myers,1,2022-11-24,Afternoon,Y
Frances,Nunziata,1,2022-11-24,Afternoon,Y
Frances,Nunziata,1,2022-11-24,Afternoon,Y
James,Pasternak,1,2022-11-24,Afternoon,Y
James,Pasternak,1,2022-11-24,Afternoon,Y
Gord,Perks,1,2022-11-24,Afternoon,Y
Gord,Perks,1,2022-11-24,Afternoon,Y
Anthony,Perruzza,1,2022-11-24,Afternoon,Y
Anthony,Perruzza,1,2022-11-24,Afternoon,Y
Jaye,Robinson,1,2022-11-24,Afternoon,Y
Jaye,Robinson,1,2022-11-24,Afternoon,Y
Dianne,Saxe,1,2022-11-24,Afternoon,Y
Dianne,Saxe,1,2022-11-24,Afternoon,Y
Michael,Thompson,1,2022-11-24,Afternoon,Y
Michael,Thompson,1,2022-11-24,Afternoon,Y
Paul,Ainslie,2,2022-12-14,Morning,Y
Paul,Ainslie,2,2022-12-14,Afternoon,Y
Paul,Ainslie,2,2022-12-14,Afternoon,Y
Brad,Bradford,2,2022-12-14,Morning,Y
Brad,Bradford,2,2022-12-14,Afternoon,Y
Brad,Bradford,2,2022-12-14,Afternoon,Y
Alejandra,Bravo,2,2022-12-14,Morning,Y
Alejandra,Bravo,2,2022-12-14,Afternoon,Y
Alejandra,Bravo,2,2022-12-14,Afternoon,Y
Jon,Burnside,2,2022-12-14,Morning,Y
Jon,Burnside,2,2022-12-14,Afternoon,Y
Jon,Burnside,2,2022-12-14,Afternoon,Y
Shelley,Carroll,2,2022-12-14,Morning,Y
Shelley,Carroll,2,2022-12-14,Afternoon,Y
Shelley,Carroll,2,2022-12-14,Afternoon,Y
Lily,Cheng,2,2022-12-14,Morning,Y
Lily,Cheng,2,2022-12-14,Afternoon,Y
Lily,Cheng,2,2022-12-14,Afternoon,Y
Mike,Colle,2,2022-12-14,Morning,Y
Mike,Colle,2,2022-12-14,Afternoon,Y
Mike,Colle,2,2022-12-14,Afternoon,N
Gary,Crawford,2,2022-12-14,Morning,Y
Gary,Crawford,2,2022-12-14,Afternoon,Y
Gary,Crawford,2,2022-12-14,Afternoon,Y
Vincent,Crisanti,2,2022-12-14,Morning,Y
Vincent,Crisanti,2,2022-12-14,Afternoon,Y
Vincent,Crisanti,2,2022-12-14,Afternoon,Y
Paula,Fletcher,2,2022-12-14,Morning,Y
Paula,Fletcher,2,2022-12-14,Afternoon,Y
Paula,Fletcher,2,2022-12-14,Afternoon,Y
Stephen,Holyday,2,2022-12-14,Morning,Y
Stephen,Holyday,2,2022-12-14,Afternoon,Y
Stephen,Holyday,2,2022-12-14,Afternoon,Y
Ausma,Malik,2,2022-12-14,Morning,Y
Ausma,Malik,2,2022-12-14,Afternoon,Y
Ausma,Malik,2,2022-12-14,Afternoon,Y
Nick,Mantas,2,2022-12-14,Morning,Y
Nick,Mantas,2,2022-12-14,Afternoon,Y
Nick,Mantas,2,2022-12-14,Afternoon,Y
Josh,Matlow,2,2022-12-14,Morning,Y
Josh,Matlow,2,2022-12-14,Afternoon,Y
Josh,Matlow,2,2022-12-14,Afternoon,Y
Jennifer,McKelvie,2,2022-12-14,Morning,Y
Jennifer,McKelvie,2,2022-12-14,Afternoon,Y
Jennifer,McKelvie,2,2022-12-14,Afternoon,Y
Chris,Moise,2,2022-12-14,Morning,Y
Chris,Moise,2,2022-12-14,Afternoon,Y
Chris,Moise,2,2022-12-14,Afternoon,Y
Amber,Morley,2,2022-12-14,Morning,Y
Amber,Morley,2,2022-12-14,Afternoon,Y
Amber,Morley,2,2022-12-14,Afternoon,Y
Jamaal,Myers,2,2022-12-14,Morning,Y
Jamaal,Myers,2,2022-12-14,Afternoon,Y
Jamaal,Myers,2,2022-12-14,Afternoon,Y
Frances,Nunziata,2,2022-12-14,Morning,Y
Frances,Nunziata,2,2022-12-14,Afternoon,Y
Frances,Nunziata,2,2022-12-14,Afternoon,Y
James,Pasternak,2,2022-12-14,Morning,Y
James,Pasternak,2,2022-12-14,Afternoon,Y
James,Pasternak,2,2022-12-14,Afternoon,Y
Gord,Perks,2,2022-12-14,Morning,Y
Gord,Perks,2,2022-12-14,Afternoon,Y
Gord,Perks,2,2022-12-14,Afternoon,Y
Anthony,Perruzza,2,2022-12-14,Morning,Y
Anthony,Perruzza,2,2022-12-14,Afternoon,Y
Anthony,Perruzza,2,2022-12-14,Afternoon,Y
Jaye,Robinson,2,2022-12-14,Morning,Y
Jaye,Robinson,2,2022-12-14,Afternoon,Y
Jaye,Robinson,2,2022-12-14,Afternoon,N
Dianne,Saxe,2,2022-12-14,Morning,Y
Dianne,Saxe,2,2022-12-14,Afternoon,Y
Dianne,Saxe,2,2022-12-14,Afternoon,Y
Michael,Thompson,2,2022-12-14,Morning,Y
Michael,Thompson,2,2022-12-14,Afternoon,Y
Michael,Thompson,2,2022-12-14,Afternoon,Y
Paul,Ainslie,2,2022-12-15,Morning,Y
Paul,Ainslie,2,2022-12-15,Afternoon,Y
Paul,Ainslie,2,2022-12-15,Afternoon,Y
Brad,Bradford,2,2022-12-15,Morning,Y
Brad,Bradford,2,2022-12-15,Afternoon,Y
Brad,Bradford,2,2022-12-15,Afternoon,Y
Alejandra,Bravo,2,2022-12-15,Morning,Y
Alejandra,Bravo,2,2022-12-15,Afternoon,Y
Alejandra,Bravo,2,2022-12-15,Afternoon,Y
Jon,Burnside,2,2022-12-15,Morning,Y
Jon,Burnside,2,2022-12-15,Afternoon,Y
Jon,Burnside,2,2022-12-15,Afternoon,Y
Shelley,Carroll,2,2022-12-15,Morning,Y
Shelley,Carroll,2,2022-12-15,Afternoon,Y
Shelley,Carroll,2,2022-12-15,Afternoon,Y
Lily,Cheng,2,2022-12-15,Morning,Y
Lily,Cheng,2,2022-12-15,Afternoon,Y
Lily,Cheng,2,2022-12-15,Afternoon,Y
Mike,Colle,2,2022-12-15,Morning,Y
Mike,Colle,2,2022-12-15,Afternoon,Y
Mike,Colle,2,2022-12-15,Afternoon,Y
Gary,Crawford,2,2022-12-15,Morning,Y
Gary,Crawford,2,2022-12-15,Afternoon,Y
Gary,Crawford,2,2022-12-15,Afternoon,Y
Vincent,Crisanti,2,2022-12-15,Morning,Y
Vincent,Crisanti,2,2022-12-15,Afternoon,Y
Vincent,Crisanti,2,2022-12-15,Afternoon,Y
Paula,Fletcher,2,2022-12-15,Morning,Y
Paula,Fletcher,2,2022-12-15,Afternoon,Y
Paula,Fletcher,2,2022-12-15,Afternoon,Y
Stephen,Holyday,2,2022-12-15,Morning,Y
Stephen,Holyday,2,2022-12-15,Afternoon,Y
Stephen,Holyday,2,2022-12-15,Afternoon,Y
Ausma,Malik,2,2022-12-15,Morning,Y
Ausma,Malik,2,2022-12-15,Afternoon,Y
Ausma,Malik,2,2022-12-15,Afternoon,Y
Nick,Mantas,2,2022-12-15,Morning,Y
Nick,Mantas,2,2022-12-15,Afternoon,Y
Nick,Mantas,2,2022-12-15,Afternoon,Y
Josh,Matlow,2,2022-12-15,Morning,Y
Josh,Matlow,2,2022-12-15,Afternoon,Y
Josh,Matlow,2,2022-12-15,Afternoon,Y
Jennifer,McKelvie,2,2022-12-15,Morning,Y
Jennifer,McKelvie,2,2022-12-15,Afternoon,Y
Jennifer,McKelvie,2,2022-12-15,Afternoon,Y
Chris,Moise,2,2022-12-15,Morning,Y
Chris,Moise,2,2022-12-15,Afternoon,Y
Chris,Moise,2,2022-12-15,Afternoon,Y
Amber,Morley,2,2022-12-15,Morning,Y
Amber,Morley,2,2022-12-15,Afternoon,Y
Amber,Morley,2,2022-12-15,Afternoon,Y
Jamaal,Myers,2,2022-12-15,Morning,Y
Jamaal,Myers,2,2022-12-15,Afternoon,Y
Jamaal,Myers,2,2022-12-15,Afternoon,Y
Frances,Nunziata,2,2022-12-15,Morning,Y
Frances,Nunziata,2,2022-12-15,Afternoon,Y
Frances,Nunziata,2,2022-12-15,Afternoon,Y
James,Pasternak,2,2022-12-15,Morning,Y
James,Pasternak,2,2022-12-15,Afternoon,Y
James,Pasternak,2,2022-12-15,Afternoon,Y
Gord,Perks,2,2022-12-15,Morning,Y
Gord,Perks,2,2022-12-15,Afternoon,Y
Gord,Perks,2,2022-12-15,Afternoon,Y
Anthony,Perruzza,2,2022-12-15,Morning,Y
Anthony,Perruzza,2,2022-12-15,Afternoon,Y
Anthony,Perruzza,2,2022-12-15,Afternoon,Y
Jaye,Robinson,2,2022-12-15,Morning,Y
Jaye,Robinson,2,2022-12-15,Afternoon,Y
Jaye,Robinson,2,2022-12-15,Afternoon,Y
Dianne,Saxe,2,2022-12-15,Morning,Y
Dianne,Saxe,2,2022-12-15,Afternoon,Y
Dianne,Saxe,2,2022-12-15,Afternoon,Y
Michael,Thompson,2,2022-12-15,Morning,Y
Michael,Thompson,2,2022-12-15,Afternoon,Y
Michael,Thompson,2,2022-12-15,Afternoon,Y
Paul,Ainslie,3,2023-02-07,Morning,Y
Paul,Ainslie,3,2023-02-07,Afternoon,Y
Paul,Ainslie,3,2023-02-07,Afternoon,Y
Brad,Bradford,3,2023-02-07,Morning,Y
Brad,Bradford,3,2023-02-07,Afternoon,Y
Brad,Bradford,3,2023-02-07,Afternoon,Y
Alejandra,Bravo,3,2023-02-07,Morning,Y
Alejandra,Bravo,3,2023-02-07,Afternoon,Y
Alejandra,Bravo,3,2023-02-07,Afternoon,Y
Jon,Burnside,3,2023-02-07,Morning,Y
Jon,Burnside,3,2023-02-07,Afternoon,Y
Jon,Burnside,3,2023-02-07,Afternoon,Y
Shelley,Carroll,3,2023-02-07,Morning,Y
Shelley,Carroll,3,2023-02-07,Afternoon,Y
Shelley,Carroll,3,2023-02-07,Afternoon,Y
Lily,Cheng,3,2023-02-07,Morning,Y
Lily,Cheng,3,2023-02-07,Afternoon,Y
Lily,Cheng,3,2023-02-07,Afternoon,Y
Mike,Colle,3,2023-02-07,Morning,Y
Mike,Colle,3,2023-02-07,Afternoon,Y
Mike,Colle,3,2023-02-07,Afternoon,Y
Gary,Crawford,3,2023-02-07,Morning,Y
Gary,Crawford,3,2023-02-07,Afternoon,Y
Gary,Crawford,3,2023-02-07,Afternoon,Y
Vincent,Crisanti,3,2023-02-07,Morning,Y
Vincent,Crisanti,3,2023-02-07,Afternoon,Y
Vincent,Crisanti,3,2023-02-07,Afternoon,Y
Paula,Fletcher,3,2023-02-07,Morning,Y
Paula,Fletcher,3,2023-02-07,Afternoon,Y
Paula,Fletcher,3,2023-02-07,Afternoon,Y
Stephen,Holyday,3,2023-02-07,Morning,Y
Stephen,Holyday,3,2023-02-07,Afternoon,Y
Stephen,Holyday,3,2023-02-07,Afternoon,Y
Ausma,Malik,3,2023-02-07,Morning,Y
Ausma,Malik,3,2023-02-07,Afternoon,Y
Ausma,Malik,3,2023-02-07,Afternoon,Y
Nick,Mantas,3,2023-02-07,Morning,Y
Nick,Mantas,3,2023-02-07,Afternoon,Y
Nick,Mantas,3,2023-02-07,Afternoon,Y
Josh,Matlow,3,2023-02-07,Morning,Y
Josh,Matlow,3,2023-02-07,Afternoon,Y
Josh,Matlow,3,2023-02-07,Afternoon,Y
Jennifer,McKelvie,3,2023-02-07,Morning,Y
Jennifer,McKelvie,3,2023-02-07,Afternoon,Y
Jennifer,McKelvie,3,2023-02-07,Afternoon,Y
Chris,Moise,3,2023-02-07,Morning,Y
Chris,Moise,3,2023-02-07,Afternoon,Y
Chris,Moise,3,2023-02-07,Afternoon,Y
Amber,Morley,3,2023-02-07,Morning,Y
Amber,Morley,3,2023-02-07,Afternoon,Y
Amber,Morley,3,2023-02-07,Afternoon,Y
Jamaal,Myers,3,2023-02-07,Morning,Y
Jamaal,Myers,3,2023-02-07,Afternoon,Y
Jamaal,Myers,3,2023-02-07,Afternoon,Y
Frances,Nunziata,3,2023-02-07,Morning,Y
Frances,Nunziata,3,2023-02-07,Afternoon,Y
Frances,Nunziata,3,2023-02-07,Afternoon,Y
James,Pasternak,3,2023-02-07,Morning,Y
James,Pasternak,3,2023-02-07,Afternoon,Y
James,Pasternak,3,2023-02-07,Afternoon,Y
Gord,Perks,3,2023-02-07,Morning,Y
Gord,Perks,3,2023-02-07,Afternoon,Y
Gord,Perks,3,2023-02-07,Afternoon,Y
Anthony,Perruzza,3,2023-02-07,Morning,Y
Anthony,Perruzza,3,2023-02-07,Afternoon,Y
Anthony,Perruzza,3,2023-02-07,Afternoon,Y
Jaye,Robinson,3,2023-02-07,Morning,Y
Jaye,Robinson,3,2023-02-07,Afternoon,Y
Jaye,Robinson,3,2023-02-07,Afternoon,Y
Dianne,Saxe,3,2023-02-07,Morning,Y
Dianne,Saxe,3,2023-02-07,Afternoon,Y
Dianne,Saxe,3,2023-02-07,Afternoon,Y
Michael,Thompson,3,2023-02-07,Morning,Y
Michael,Thompson,3,2023-02-07,Afternoon,Y
Michael,Thompson,3,2023-02-07,Afternoon,Y
Paul,Ainslie,3,2023-02-08,Morning,Y
Paul,Ainslie,3,2023-02-08,Afternoon,Y
Paul,Ainslie,3,2023-02-08,Afternoon,Y
Paul,Ainslie,3,2023-02-08,Afternoon,Y
Paul,Ainslie,3,2023-02-08,Evening,Y
Brad,Bradford,3,2023-02-08,Morning,Y
Brad,Bradford,3,2023-02-08,Afternoon,Y
Brad,Bradford,3,2023-02-08,Afternoon,Y
Brad,Bradford,3,2023-02-08,Afternoon,Y
Brad,Bradford,3,2023-02-08,Evening,Y
Alejandra,Bravo,3,2023-02-08,Morning,Y
Alejandra,Bravo,3,2023-02-08,Afternoon,Y
Alejandra,Bravo,3,2023-02-08,Afternoon,Y
Alejandra,Bravo,3,2023-02-08,Afternoon,Y
Alejandra,Bravo,3,2023-02-08,Evening,Y
Jon,Burnside,3,2023-02-08,Morning,Y
Jon,Burnside,3,2023-02-08,Afternoon,Y
Jon,Burnside,3,2023-02-08,Afternoon,Y
Jon,Burnside,3,2023-02-08,Afternoon,Y
Jon,Burnside,3,2023-02-08,Evening,Y
Shelley,Carroll,3,2023-02-08,Morning,Y
Shelley,Carroll,3,2023-02-08,Afternoon,Y
Shelley,Carroll,3,2023-02-08,Afternoon,Y
Shelley,Carroll,3,2023-02-08,Afternoon,Y
Shelley,Carroll,3,2023-02-08,Evening,Y
Lily,Cheng,3,2023-02-08,Morning,Y
Lily,Cheng,3,2023-02-08,Afternoon,Y
Lily,Cheng,3,2023-02-08,Afternoon,Y
Lily,Cheng,3,2023-02-08,Afternoon,Y
Lily,Cheng,3,2023-02-08,Evening,N
Mike,Colle,3,2023-02-08,Morning,Y
Mike,Colle,3,2023-02-08,Afternoon,Y
Mike,Colle,3,2023-02-08,Afternoon,Y
Mike,Colle,3,2023-02-08,Afternoon,Y
Mike,Colle,3,2023-02-08,Evening,Y
Gary,Crawford,3,2023-02-08,Morning,Y
Gary,Crawford,3,2023-02-08,Afternoon,Y
Gary,Crawford,3,2023-02-08,Afternoon,Y
Gary,Crawford,3,2023-02-08,Afternoon,Y
Gary,Crawford,3,2023-02-08,Evening,Y
Vincent,Crisanti,3,2023-02-08,Morning,Y
Vincent,Crisanti,3,2023-02-08,Afternoon,Y
Vincent,Crisanti,3,2023-02-08,Afternoon,Y
Vincent,Crisanti,3,2023-02-08,Afternoon,N
Vincent,Crisanti,3,2023-02-08,Evening,N
Paula,Fletcher,3,2023-02-08,Morning,Y
Paula,Fletcher,3,2023-02-08,Afternoon,Y
Paula,Fletcher,3,2023-02-08,Afternoon,Y
Paula,Fletcher,3,2023-02-08,Afternoon,Y
Paula,Fletcher,3,2023-02-08,Evening,Y
Stephen,Holyday,3,2023-02-08,Morning,Y
Stephen,Holyday,3,2023-02-08,Afternoon,Y
Stephen,Holyday,3,2023-02-08,Afternoon,Y
Stephen,Holyday,3,2023-02-08,Afternoon,Y
Stephen,Holyday,3,2023-02-08,Evening,Y
Ausma,Malik,3,2023-02-08,Morning,Y
Ausma,Malik,3,2023-02-08,Afternoon,Y
Ausma,Malik,3,2023-02-08,Afternoon,Y
Ausma,Malik,3,2023-02-08,Afternoon,Y
Ausma,Malik,3,2023-02-08,Evening,N
Nick,Mantas,3,2023-02-08,Morning,Y
Nick,Mantas,3,2023-02-08,Afternoon,Y
Nick,Mantas,3,2023-02-08,Afternoon,Y
Nick,Mantas,3,2023-02-08,Afternoon,Y
Nick,Mantas,3,2023-02-08,Evening,Y
Josh,Matlow,3,2023-02-08,Morning,Y
Josh,Matlow,3,2023-02-08,Afternoon,Y
Josh,Matlow,3,2023-02-08,Afternoon,Y
Josh,Matlow,3,2023-02-08,Afternoon,Y
Josh,Matlow,3,2023-02-08,Evening,Y
Jennifer,McKelvie,3,2023-02-08,Morning,Y
Jennifer,McKelvie,3,2023-02-08,Afternoon,Y
Jennifer,McKelvie,3,2023-02-08,Afternoon,Y
Jennifer,McKelvie,3,2023-02-08,Afternoon,Y
Jennifer,McKelvie,3,2023-02-08,Evening,Y
Chris,Moise,3,2023-02-08,Morning,Y
Chris,Moise,3,2023-02-08,Afternoon,Y
Chris,Moise,3,2023-02-08,Afternoon,Y
Chris,Moise,3,2023-02-08,Afternoon,Y
Chris,Moise,3,2023-02-08,Evening,Y
Amber,Morley,3,2023-02-08,Morning,Y
Amber,Morley,3,2023-02-08,Afternoon,Y
Amber,Morley,3,2023-02-08,Afternoon,Y
Amber,Morley,3,2023-02-08,Afternoon,Y
Amber,Morley,3,2023-02-08,Evening,Y
Jamaal,Myers,3,2023-02-08,Morning,Y
Jamaal,Myers,3,2023-02-08,Afternoon,Y
Jamaal,Myers,3,2023-02-08,Afternoon,Y
Jamaal,Myers,3,2023-02-08,Afternoon,Y
Jamaal,Myers,3,2023-02-08,Evening,Y
Frances,Nunziata,3,2023-02-08,Morning,Y
Frances,Nunziata,3,2023-02-08,Afternoon,Y
Frances,Nunziata,3,2023-02-08,Afternoon,Y
Frances,Nunziata,3,2023-02-08,Afternoon,Y
Frances,Nunziata,3,2023-02-08,Evening,Y
James,Pasternak,3,2023-02-08,Morning,Y
James,Pasternak,3,2023-02-08,Afternoon,Y
James,Pasternak,3,2023-02-08,Afternoon,Y
James,Pasternak,3,2023-02-08,Afternoon,N
James,Pasternak,3,2023-02-08,Evening,N
Gord,Perks,3,2023-02-08,Morning,Y
Gord,Perks,3,2023-02-08,Afternoon,Y
Gord,Perks,3,2023-02-08,Afternoon,Y
Gord,Perks,3,2023-02-08,Afternoon,Y
Gord,Perks,3,2023-02-08,Evening,Y
Anthony,Perruzza,3,2023-02-08,Morning,Y
Anthony,Perruzza,3,2023-02-08,Afternoon,Y
Anthony,Perruzza,3,2023-02-08,Afternoon,Y
Anthony,Perruzza,3,2023-02-08,Afternoon,Y
Anthony,Perruzza,3,2023-02-08,Evening,Y
Jaye,Robinson,3,2023-02-08,Morning,Y
Jaye,Robinson,3,2023-02-08,Afternoon,Y
Jaye,Robinson,3,2023-02-08,Afternoon,Y
Jaye,Robinson,3,2023-02-08,Afternoon,Y
Jaye,Robinson,3,2023-02-08,Evening,Y
Dianne,Saxe,3,2023-02-08,Morning,Y
Dianne,Saxe,3,2023-02-08,Afternoon,Y
Dianne,Saxe,3,2023-02-08,Afternoon,Y
Dianne,Saxe,3,2023-02-08,Afternoon,Y
Dianne,Saxe,3,2023-02-08,Evening,Y
Michael,Thompson,3,2023-02-08,Morning,Y
Michael,Thompson,3,2023-02-08,Afternoon,Y
Michael,Thompson,3,2023-02-08,Afternoon,Y
Michael,Thompson,3,2023-02-08,Afternoon,Y
Michael,Thompson,3,2023-02-08,Evening,Y
Paul,Ainslie,4,2023-02-15,Morning,Y
Paul,Ainslie,4,2023-02-15,Morning,Y
Paul,Ainslie,4,2023-02-15,Afternoon,Y
Paul,Ainslie,4,2023-02-15,Evening,Y
Paul,Ainslie,4,2023-02-15,Evening,Y
Paul,Ainslie,4,2023-02-15,Morning,N
Brad,Bradford,4,2023-02-15,Morning,Y
Brad,Bradford,4,2023-02-15,Morning,Y
Brad,Bradford,4,2023-02-15,Morning,Y
Brad,Bradford,4,2023-02-15,Afternoon,Y
Brad,Bradford,4,2023-02-15,Evening,Y
Brad,Bradford,4,2023-02-15,Evening,Y
Alejandra,Bravo,4,2023-02-15,Morning,Y
Alejandra,Bravo,4,2023-02-15,Morning,Y
Alejandra,Bravo,4,2023-02-15,Morning,Y
Alejandra,Bravo,4,2023-02-15,Afternoon,Y
Alejandra,Bravo,4,2023-02-15,Evening,Y
Alejandra,Bravo,4,2023-02-15,Evening,Y
Jon,Burnside,4,2023-02-15,Morning,Y
Jon,Burnside,4,2023-02-15,Morning,Y
Jon,Burnside,4,2023-02-15,Morning,Y
Jon,Burnside,4,2023-02-15,Afternoon,Y
Jon,Burnside,4,2023-02-15,Evening,Y
Jon,Burnside,4,2023-02-15,Evening,Y
Shelley,Carroll,4,2023-02-15,Morning,Y
Shelley,Carroll,4,2023-02-15,Morning,Y
Shelley,Carroll,4,2023-02-15,Afternoon,Y
Shelley,Carroll,4,2023-02-15,Evening,Y
Shelley,Carroll,4,2023-02-15,Evening,Y
Shelley,Carroll,4,2023-02-15,Morning,N
Lily,Cheng,4,2023-02-15,Morning,Y
Lily,Cheng,4,2023-02-15,Morning,Y
Lily,Cheng,4,2023-02-15,Morning,Y
Lily,Cheng,4,2023-02-15,Afternoon,Y
Lily,Cheng,4,2023-02-15,Evening,Y
Lily,Cheng,4,2023-02-15,Evening,Y
Mike,Colle,4,2023-02-15,Morning,Y
Mike,Colle,4,2023-02-15,Morning,Y
Mike,Colle,4,2023-02-15,Afternoon,Y
Mike,Colle,4,2023-02-15,Evening,Y
Mike,Colle,4,2023-02-15,Evening,Y
Mike,Colle,4,2023-02-15,Morning,N
Gary,Crawford,4,2023-02-15,Morning,Y
Gary,Crawford,4,2023-02-15,Morning,Y
Gary,Crawford,4,2023-02-15,Morning,Y
Gary,Crawford,4,2023-02-15,Afternoon,Y
Gary,Crawford,4,2023-02-15,Evening,Y
Gary,Crawford,4,2023-02-15,Evening,Y
Vincent,Crisanti,4,2023-02-15,Morning,Y
Vincent,Crisanti,4,2023-02-15,Morning,Y
Vincent,Crisanti,4,2023-02-15,Morning,Y
Vincent,Crisanti,4,2023-02-15,Afternoon,Y
Vincent,Crisanti,4,2023-02-15,Evening,Y
Vincent,Crisanti,4,2023-02-15,Evening,Y
Paula,Fletcher,4,2023-02-15,Morning,Y
Paula,Fletcher,4,2023-02-15,Morning,Y
Paula,Fletcher,4,2023-02-15,Morning,Y
Paula,Fletcher,4,2023-02-15,Afternoon,Y
Paula,Fletcher,4,2023-02-15,Evening,Y
Paula,Fletcher,4,2023-02-15,Evening,Y
Stephen,Holyday,4,2023-02-15,Morning,Y
Stephen,Holyday,4,2023-02-15,Morning,Y
Stephen,Holyday,4,2023-02-15,Morning,Y
Stephen,Holyday,4,2023-02-15,Afternoon,Y
Stephen,Holyday,4,2023-02-15,Evening,Y
Stephen,Holyday,4,2023-02-15,Evening,Y
Ausma,Malik,4,2023-02-15,Morning,Y
Ausma,Malik,4,2023-02-15,Morning,Y
Ausma,Malik,4,2023-02-15,Morning,Y
Ausma,Malik,4,2023-02-15,Afternoon,Y
Ausma,Malik,4,2023-02-15,Evening,Y
Ausma,Malik,4,2023-02-15,Evening,Y
Nick,Mantas,4,2023-02-15,Morning,Y
Nick,Mantas,4,2023-02-15,Morning,Y
Nick,Mantas,4,2023-02-15,Morning,Y
Nick,Mantas,4,2023-02-15,Afternoon,Y
Nick,Mantas,4,2023-02-15,Evening,Y
Nick,Mantas,4,2023-02-15,Evening,Y
Josh,Matlow,4,2023-02-15,Morning,Y
Josh,Matlow,4,2023-02-15,Morning,Y
Josh,Matlow,4,2023-02-15,Morning,Y
Josh,Matlow,4,2023-02-15,Afternoon,Y
Josh,Matlow,4,2023-02-15,Evening,Y
Josh,Matlow,4,2023-02-15,Evening,Y
Jennifer,McKelvie,4,2023-02-15,Morning,Y
Jennifer,McKelvie,4,2023-02-15,Morning,Y
Jennifer,McKelvie,4,2023-02-15,Afternoon,Y
Jennifer,McKelvie,4,2023-02-15,Evening,Y
Jennifer,McKelvie,4,2023-02-15,Evening,Y
Jennifer,McKelvie,4,2023-02-15,Morning,N
Chris,Moise,4,2023-02-15,Morning,Y
Chris,Moise,4,2023-02-15,Morning,Y
Chris,Moise,4,2023-02-15,Morning,Y
Chris,Moise,4,2023-02-15,Afternoon,Y
Chris,Moise,4,2023-02-15,Evening,Y
Chris,Moise,4,2023-02-15,Evening,Y
Amber,Morley,4,2023-02-15,Morning,Y
Amber,Morley,4,2023-02-15,Morning,Y
Amber,Morley,4,2023-02-15,Morning,Y
Amber,Morley,4,2023-02-15,Afternoon,Y
Amber,Morley,4,2023-02-15,Evening,Y
Amber,Morley,4,2023-02-15,Evening,Y
Jamaal,Myers,4,2023-02-15,Morning,Y
Jamaal,Myers,4,2023-02-15,Morning,Y
Jamaal,Myers,4,2023-02-15,Morning,Y
Jamaal,Myers,4,2023-02-15,Afternoon,Y
Jamaal,Myers,4,2023-02-15,Evening,Y
Jamaal,Myers,4,2023-02-15,Evening,Y
Frances,Nunziata,4,2023-02-15,Morning,Y
Frances,Nunziata,4,2023-02-15,Morning,Y
Frances,Nunziata,4,2023-02-15,Morning,Y
Frances,Nunziata,4,2023-02-15,Afternoon,Y
Frances,Nunziata,4,2023-02-15,Evening,Y
Frances,Nunziata,4,2023-02-15,Evening,Y
James,Pasternak,4,2023-02-15,Morning,Y
James,Pasternak,4,2023-02-15,Morning,Y
James,Pasternak,4,2023-02-15,Morning,Y
James,Pasternak,4,2023-02-15,Afternoon,Y
James,Pasternak,4,2023-02-15,Evening,Y
James,Pasternak,4,2023-02-15,Evening,Y
Gord,Perks,4,2023-02-15,Morning,Y
Gord,Perks,4,2023-02-15,Morning,Y
Gord,Perks,4,2023-02-15,Morning,Y
Gord,Perks,4,2023-02-15,Afternoon,Y
Gord,Perks,4,2023-02-15,Evening,Y
Gord,Perks,4,2023-02-15,Evening,Y
Anthony,Perruzza,4,2023-02-15,Morning,Y
Anthony,Perruzza,4,2023-02-15,Morning,Y
Anthony,Perruzza,4,2023-02-15,Morning,Y
Anthony,Perruzza,4,2023-02-15,Afternoon,Y
Anthony,Perruzza,4,2023-02-15,Evening,Y
Anthony,Perruzza,4,2023-02-15,Evening,Y
Jaye,Robinson,4,2023-02-15,Morning,Y
Jaye,Robinson,4,2023-02-15,Morning,Y
Jaye,Robinson,4,2023-02-15,Morning,Y
Jaye,Robinson,4,2023-02-15,Afternoon,Y
Jaye,Robinson,4,2023-02-15,Evening,Y
Jaye,Robinson,4,2023-02-15,Evening,Y
Dianne,Saxe,4,2023-02-15,Morning,Y
Dianne,Saxe,4,2023-02-15,Morning,Y
Dianne,Saxe,4,2023-02-15,Morning,Y
Dianne,Saxe,4,2023-02-15,Afternoon,Y
Dianne,Saxe,4,2023-02-15,Evening,Y
Dianne,Saxe,4,2023-02-15,Evening,Y
Michael,Thompson,4,2023-02-15,Morning,Y
Michael,Thompson,4,2023-02-15,Morning,Y
Michael,Thompson,4,2023-02-15,Afternoon,Y
Michael,Thompson,4,2023-02-15,Evening,Y
Michael,Thompson,4,2023-02-15,Evening,Y
Michael,Thompson,4,2023-02-15,Morning,N
Paul,Ainslie,5,2023-03-29,Morning,Y
Paul,Ainslie,5,2023-03-29,Afternoon,Y
Brad,Bradford,5,2023-03-29,Morning,Y
Brad,Bradford,5,2023-03-29,Afternoon,Y
Alejandra,Bravo,5,2023-03-29,Morning,Y
Alejandra,Bravo,5,2023-03-29,Afternoon,Y
Jon,Burnside,5,2023-03-29,Morning,Y
Jon,Burnside,5,2023-03-29,Afternoon,Y
Shelley,Carroll,5,2023-03-29,Morning,Y
Shelley,Carroll,5,2023-03-29,Afternoon,Y
Lily,Cheng,5,2023-03-29,Morning,Y
Lily,Cheng,5,2023-03-29,Afternoon,Y
Mike,Colle,5,2023-03-29,Morning,Y
Mike,Colle,5,2023-03-29,Afternoon,Y
Gary,Crawford,5,2023-03-29,Morning,Y
Gary,Crawford,5,2023-03-29,Afternoon,Y
Vincent,Crisanti,5,2023-03-29,Morning,Y
Vincent,Crisanti,5,2023-03-29,Afternoon,Y
Paula,Fletcher,5,2023-03-29,Morning,Y
Paula,Fletcher,5,2023-03-29,Afternoon,Y
Stephen,Holyday,5,2023-03-29,Morning,Y
Stephen,Holyday,5,2023-03-29,Afternoon,Y
Ausma,Malik,5,2023-03-29,Morning,Y
Ausma,Malik,5,2023-03-29,Afternoon,Y
Nick,Mantas,5,2023-03-29,Morning,Y
Nick,Mantas,5,2023-03-29,Afternoon,Y
Josh,Matlow,5,2023-03-29,Morning,Y
Josh,Matlow,5,2023-03-29,Afternoon,Y
Jennifer,McKelvie,5,2023-03-29,Morning,Y
Jennifer,McKelvie,5,2023-03-29,Afternoon,Y
Chris,Moise,5,2023-03-29,Morning,Y
Chris,Moise,5,2023-03-29,Afternoon,Y
Amber,Morley,5,2023-03-29,Morning,Y
Amber,Morley,5,2023-03-29,Afternoon,Y
Jamaal,Myers,5,2023-03-29,Morning,Y
Jamaal,Myers,5,2023-03-29,Afternoon,Y
Frances,Nunziata,5,2023-03-29,Morning,Y
Frances,Nunziata,5,2023-03-29,Afternoon,Y
James,Pasternak,5,2023-03-29,Morning,Y
James,Pasternak,5,2023-03-29,Afternoon,Y
Gord,Perks,5,2023-03-29,Morning,Y
Gord,Perks,5,2023-03-29,Afternoon,Y
Anthony,Perruzza,5,2023-03-29,Morning,Y
Anthony,Perruzza,5,2023-03-29,Afternoon,Y
Jaye,Robinson,5,2023-03-29,Morning,Y
Jaye,Robinson,5,2023-03-29,Afternoon,Y
Dianne,Saxe,5,2023-03-29,Morning,Y
Dianne,Saxe,5,2023-03-29,Afternoon,Y
Michael,Thompson,5,2023-03-29,Morning,Y
Michael,Thompson,5,2023-03-29,Afternoon,Y
Paul,Ainslie,5,2023-03-30,Morning,Y
Paul,Ainslie,5,2023-03-30,Afternoon,Y
Brad,Bradford,5,2023-03-30,Afternoon,Y
Brad,Bradford,5,2023-03-30,Morning,N
Alejandra,Bravo,5,2023-03-30,Morning,Y
Alejandra,Bravo,5,2023-03-30,Afternoon,Y
Jon,Burnside,5,2023-03-30,Morning,Y
Jon,Burnside,5,2023-03-30,Afternoon,Y
Shelley,Carroll,5,2023-03-30,Morning,Y
Shelley,Carroll,5,2023-03-30,Afternoon,Y
Lily,Cheng,5,2023-03-30,Morning,Y
Lily,Cheng,5,2023-03-30,Afternoon,Y
Mike,Colle,5,2023-03-30,Morning,Y
Mike,Colle,5,2023-03-30,Afternoon,Y
Gary,Crawford,5,2023-03-30,Afternoon,Y
Gary,Crawford,5,2023-03-30,Morning,N
Vincent,Crisanti,5,2023-03-30,Afternoon,Y
Vincent,Crisanti,5,2023-03-30,Morning,N
Paula,Fletcher,5,2023-03-30,Morning,Y
Paula,Fletcher,5,2023-03-30,Afternoon,Y
Stephen,Holyday,5,2023-03-30,Morning,Y
Stephen,Holyday,5,2023-03-30,Afternoon,Y
Ausma,Malik,5,2023-03-30,Morning,Y
Ausma,Malik,5,2023-03-30,Afternoon,Y
Nick,Mantas,5,2023-03-30,Morning,N
Nick,Mantas,5,2023-03-30,Afternoon,N
Josh,Matlow,5,2023-03-30,Morning,Y
Josh,Matlow,5,2023-03-30,Afternoon,Y
Jennifer,McKelvie,5,2023-03-30,Morning,Y
Jennifer,McKelvie,5,2023-03-30,Afternoon,Y
Chris,Moise,5,2023-03-30,Afternoon,Y
Chris,Moise,5,2023-03-30,Morning,N
Amber,Morley,5,2023-03-30,Morning,Y
Amber,Morley,5,2023-03-30,Afternoon,Y
Jamaal,Myers,5,2023-03-30,Morning,Y
Jamaal,Myers,5,2023-03-30,Afternoon,Y
Frances,Nunziata,5,2023-03-30,Morning,Y
Frances,Nunziata,5,2023-03-30,Afternoon,Y
James,Pasternak,5,2023-03-30,Morning,Y
James,Pasternak,5,2023-03-30,Afternoon,Y
Gord,Perks,5,2023-03-30,Afternoon,Y
Gord,Perks,5,2023-03-30,Morning,N
Anthony,Perruzza,5,2023-03-30,Afternoon,Y
Anthony,Perruzza,5,2023-03-30,Morning,N
Jaye,Robinson,5,2023-03-30,Afternoon,Y
Jaye,Robinson,5,2023-03-30,Morning,N
Dianne,Saxe,5,2023-03-30,Morning,Y
Dianne,Saxe,5,2023-03-30,Afternoon,Y
Michael,Thompson,5,2023-03-30,Afternoon,Y
Michael,Thompson,5,2023-03-30,Morning,N
Paul,Ainslie,5,2023-03-31,Morning,Y
Paul,Ainslie,5,2023-03-31,Afternoon,Y
Brad,Bradford,5,2023-03-31,Morning,Y
Brad,Bradford,5,2023-03-31,Afternoon,Y
Alejandra,Bravo,5,2023-03-31,Morning,Y
Alejandra,Bravo,5,2023-03-31,Afternoon,Y
Jon,Burnside,5,2023-03-31,Morning,Y
Jon,Burnside,5,2023-03-31,Afternoon,Y
Shelley,Carroll,5,2023-03-31,Morning,Y
Shelley,Carroll,5,2023-03-31,Afternoon,Y
Lily,Cheng,5,2023-03-31,Morning,Y
Lily,Cheng,5,2023-03-31,Afternoon,N
Mike,Colle,5,2023-03-31,Morning,Y
Mike,Colle,5,2023-03-31,Afternoon,N
Gary,Crawford,5,2023-03-31,Morning,Y
Gary,Crawford,5,2023-03-31,Afternoon,Y
Vincent,Crisanti,5,2023-03-31,Morning,Y
Vincent,Crisanti,5,2023-03-31,Afternoon,N
Paula,Fletcher,5,2023-03-31,Morning,Y
Paula,Fletcher,5,2023-03-31,Afternoon,Y
Stephen,Holyday,5,2023-03-31,Morning,Y
Stephen,Holyday,5,2023-03-31,Afternoon,Y
Ausma,Malik,5,2023-03-31,Morning,Y
Ausma,Malik,5,2023-03-31,Afternoon,Y
Nick,Mantas,5,2023-03-31,Morning,Y
Nick,Mantas,5,2023-03-31,Afternoon,Y
Josh,Matlow,5,2023-03-31,Morning,Y
Josh,Matlow,5,2023-03-31,Afternoon,Y
Jennifer,McKelvie,5,2023-03-31,Morning,Y
Jennifer,McKelvie,5,2023-03-31,Afternoon,Y
Chris,Moise,5,2023-03-31,Morning,Y
Chris,Moise,5,2023-03-31,Afternoon,Y
Amber,Morley,5,2023-03-31,Morning,Y
Amber,Morley,5,2023-03-31,Afternoon,Y
Jamaal,Myers,5,2023-03-31,Morning,Y
Jamaal,Myers,5,2023-03-31,Afternoon,Y
Frances,Nunziata,5,2023-03-31,Morning,Y
Frances,Nunziata,5,2023-03-31,Afternoon,Y
James,Pasternak,5,2023-03-31,Morning,Y
James,Pasternak,5,2023-03-31,Afternoon,N
Gord,Perks,5,2023-03-31,Morning,Y
Gord,Perks,5,2023-03-31,Afternoon,Y
Anthony,Perruzza,5,2023-03-31,Morning,Y
Anthony,Perruzza,5,2023-03-31,Afternoon,Y
Jaye,Robinson,5,2023-03-31,Morning,Y
Jaye,Robinson,5,2023-03-31,Afternoon,Y
Dianne,Saxe,5,2023-03-31,Morning,Y
Dianne,Saxe,5,2023-03-31,Afternoon,N
Michael,Thompson,5,2023-03-31,Morning,Y
Michael,Thompson,5,2023-03-31,Afternoon,Y
Paul,Ainslie,6,2023-05-10,Morning,Y
Paul,Ainslie,6,2023-05-10,Afternoon,Y
Paul,Ainslie,6,2023-05-10,Evening,Y
Paul,Ainslie,6,2023-05-10,Evening,Y
Paul,Ainslie,6,2023-05-10,Evening,Y
Brad,Bradford,6,2023-05-10,Morning,Y
Brad,Bradford,6,2023-05-10,Afternoon,Y
Brad,Bradford,6,2023-05-10,Evening,Y
Brad,Bradford,6,2023-05-10,Evening,Y
Brad,Bradford,6,2023-05-10,Evening,Y
Alejandra,Bravo,6,2023-05-10,Morning,Y
Alejandra,Bravo,6,2023-05-10,Afternoon,Y
Alejandra,Bravo,6,2023-05-10,Evening,Y
Alejandra,Bravo,6,2023-05-10,Evening,Y
Alejandra,Bravo,6,2023-05-10,Evening,Y
Jon,Burnside,6,2023-05-10,Morning,Y
Jon,Burnside,6,2023-05-10,Afternoon,Y
Jon,Burnside,6,2023-05-10,Evening,Y
Jon,Burnside,6,2023-05-10,Evening,Y
Jon,Burnside,6,2023-05-10,Evening,Y
Shelley,Carroll,6,2023-05-10,Morning,Y
Shelley,Carroll,6,2023-05-10,Afternoon,Y
Shelley,Carroll,6,2023-05-10,Evening,Y
Shelley,Carroll,6,2023-05-10,Evening,Y
Shelley,Carroll,6,2023-05-10,Evening,Y
Lily,Cheng,6,2023-05-10,Morning,Y
Lily,Cheng,6,2023-05-10,Afternoon,Y
Lily,Cheng,6,2023-05-10,Evening,Y
Lily,Cheng,6,2023-05-10,Evening,Y
Lily,Cheng,6,2023-05-10,Evening,Y
Mike,Colle,6,2023-05-10,Morning,Y
Mike,Colle,6,2023-05-10,Afternoon,Y
Mike,Colle,6,2023-05-10,Evening,Y
Mike,Colle,6,2023-05-10,Evening,Y
Mike,Colle,6,2023-05-10,Evening,Y
Gary,Crawford,6,2023-05-10,Morning,Y
Gary,Crawford,6,2023-05-10,Afternoon,Y
Gary,Crawford,6,2023-05-10,Evening,Y
Gary,Crawford,6,2023-05-10,Evening,Y
Gary,Crawford,6,2023-05-10,Evening,Y
Vincent,Crisanti,6,2023-05-10,Morning,Y
Vincent,Crisanti,6,2023-05-10,Afternoon,Y
Vincent,Crisanti,6,2023-05-10,Evening,Y
Vincent,Crisanti,6,2023-05-10,Evening,N
Vincent,Crisanti,6,2023-05-10,Evening,N
Paula,Fletcher,6,2023-05-10,Morning,Y
Paula,Fletcher,6,2023-05-10,Afternoon,Y
Paula,Fletcher,6,2023-05-10,Evening,Y
Paula,Fletcher,6,2023-05-10,Evening,Y
Paula,Fletcher,6,2023-05-10,Evening,Y
Stephen,Holyday,6,2023-05-10,Morning,Y
Stephen,Holyday,6,2023-05-10,Afternoon,Y
Stephen,Holyday,6,2023-05-10,Evening,Y
Stephen,Holyday,6,2023-05-10,Evening,Y
Stephen,Holyday,6,2023-05-10,Evening,Y
Ausma,Malik,6,2023-05-10,Morning,Y
Ausma,Malik,6,2023-05-10,Afternoon,Y
Ausma,Malik,6,2023-05-10,Evening,Y
Ausma,Malik,6,2023-05-10,Evening,Y
Ausma,Malik,6,2023-05-10,Evening,Y
Nick,Mantas,6,2023-05-10,Morning,Y
Nick,Mantas,6,2023-05-10,Afternoon,Y
Nick,Mantas,6,2023-05-10,Evening,Y
Nick,Mantas,6,2023-05-10,Evening,Y
Nick,Mantas,6,2023-05-10,Evening,Y
Josh,Matlow,6,2023-05-10,Morning,Y
Josh,Matlow,6,2023-05-10,Afternoon,Y
Josh,Matlow,6,2023-05-10,Evening,Y
Josh,Matlow,6,2023-05-10,Evening,Y
Josh,Matlow,6,2023-05-10,Evening,Y
Jennifer,McKelvie,6,2023-05-10,Morning,Y
Jennifer,McKelvie,6,2023-05-10,Afternoon,Y
Jennifer,McKelvie,6,2023-05-10,Evening,Y
Jennifer,McKelvie,6,2023-05-10,Evening,Y
Jennifer,McKelvie,6,2023-05-10,Evening,Y
Chris,Moise,6,2023-05-10,Morning,Y
Chris,Moise,6,2023-05-10,Afternoon,Y
Chris,Moise,6,2023-05-10,Evening,Y
Chris,Moise,6,2023-05-10,Evening,Y
Chris,Moise,6,2023-05-10,Evening,Y
Amber,Morley,6,2023-05-10,Morning,Y
Amber,Morley,6,2023-05-10,Afternoon,Y
Amber,Morley,6,2023-05-10,Evening,Y
Amber,Morley,6,2023-05-10,Evening,Y
Amber,Morley,6,2023-05-10,Evening,Y
Jamaal,Myers,6,2023-05-10,Morning,Y
Jamaal,Myers,6,2023-05-10,Afternoon,Y
Jamaal,Myers,6,2023-05-10,Evening,Y
Jamaal,Myers,6,2023-05-10,Evening,Y
Jamaal,Myers,6,2023-05-10,Evening,Y
Frances,Nunziata,6,2023-05-10,Morning,Y
Frances,Nunziata,6,2023-05-10,Afternoon,Y
Frances,Nunziata,6,2023-05-10,Evening,Y
Frances,Nunziata,6,2023-05-10,Evening,Y
Frances,Nunziata,6,2023-05-10,Evening,Y
James,Pasternak,6,2023-05-10,Morning,Y
James,Pasternak,6,2023-05-10,Afternoon,Y
James,Pasternak,6,2023-05-10,Evening,Y
James,Pasternak,6,2023-05-10,Evening,Y
James,Pasternak,6,2023-05-10,Evening,Y
Gord,Perks,6,2023-05-10,Morning,Y
Gord,Perks,6,2023-05-10,Afternoon,Y
Gord,Perks,6,2023-05-10,Evening,Y
Gord,Perks,6,2023-05-10,Evening,Y
Gord,Perks,6,2023-05-10,Evening,Y
Anthony,Perruzza,6,2023-05-10,Morning,Y
Anthony,Perruzza,6,2023-05-10,Afternoon,Y
Anthony,Perruzza,6,2023-05-10,Evening,Y
Anthony,Perruzza,6,2023-05-10,Evening,Y
Anthony,Perruzza,6,2023-05-10,Evening,Y
Jaye,Robinson,6,2023-05-10,Morning,Y
Jaye,Robinson,6,2023-05-10,Afternoon,Y
Jaye,Robinson,6,2023-05-10,Evening,Y
Jaye,Robinson,6,2023-05-10,Evening,N
Jaye,Robinson,6,2023-05-10,Evening,N
Dianne,Saxe,6,2023-05-10,Morning,Y
Dianne,Saxe,6,2023-05-10,Afternoon,Y
Dianne,Saxe,6,2023-05-10,Evening,Y
Dianne,Saxe,6,2023-05-10,Evening,N
Dianne,Saxe,6,2023-05-10,Evening,N
Michael,Thompson,6,2023-05-10,Morning,Y
Michael,Thompson,6,2023-05-10,Afternoon,Y
Michael,Thompson,6,2023-05-10,Evening,Y
Michael,Thompson,6,2023-05-10,Evening,Y
Michael,Thompson,6,2023-05-10,Evening,Y
Paul,Ainslie,6,2023-05-11,Morning,Y
Paul,Ainslie,6,2023-05-11,Afternoon,Y
Paul,Ainslie,6,2023-05-11,Evening,Y
Paul,Ainslie,6,2023-05-11,Evening,Y
Brad,Bradford,6,2023-05-11,Morning,Y
Brad,Bradford,6,2023-05-11,Afternoon,Y
Brad,Bradford,6,2023-05-11,Evening,Y
Brad,Bradford,6,2023-05-11,Evening,Y
Alejandra,Bravo,6,2023-05-11,Morning,Y
Alejandra,Bravo,6,2023-05-11,Afternoon,Y
Alejandra,Bravo,6,2023-05-11,Evening,Y
Alejandra,Bravo,6,2023-05-11,Evening,Y
Jon,Burnside,6,2023-05-11,Morning,Y
Jon,Burnside,6,2023-05-11,Afternoon,Y
Jon,Burnside,6,2023-05-11,Evening,Y
Jon,Burnside,6,2023-05-11,Evening,N
Shelley,Carroll,6,2023-05-11,Morning,Y
Shelley,Carroll,6,2023-05-11,Afternoon,Y
Shelley,Carroll,6,2023-05-11,Evening,Y
Shelley,Carroll,6,2023-05-11,Evening,Y
Lily,Cheng,6,2023-05-11,Morning,Y
Lily,Cheng,6,2023-05-11,Afternoon,Y
Lily,Cheng,6,2023-05-11,Evening,Y
Lily,Cheng,6,2023-05-11,Evening,Y
Mike,Colle,6,2023-05-11,Morning,Y
Mike,Colle,6,2023-05-11,Afternoon,Y
Mike,Colle,6,2023-05-11,Evening,Y
Mike,Colle,6,2023-05-11,Evening,N
Gary,Crawford,6,2023-05-11,Morning,Y
Gary,Crawford,6,2023-05-11,Afternoon,Y
Gary,Crawford,6,2023-05-11,Evening,N
Gary,Crawford,6,2023-05-11,Evening,N
Vincent,Crisanti,6,2023-05-11,Morning,Y
Vincent,Crisanti,6,2023-05-11,Afternoon,Y
Vincent,Crisanti,6,2023-05-11,Evening,Y
Vincent,Crisanti,6,2023-05-11,Evening,N
Paula,Fletcher,6,2023-05-11,Morning,Y
Paula,Fletcher,6,2023-05-11,Afternoon,Y
Paula,Fletcher,6,2023-05-11,Evening,Y
Paula,Fletcher,6,2023-05-11,Evening,Y
Stephen,Holyday,6,2023-05-11,Morning,Y
Stephen,Holyday,6,2023-05-11,Afternoon,Y
Stephen,Holyday,6,2023-05-11,Evening,Y
Stephen,Holyday,6,2023-05-11,Evening,Y
Ausma,Malik,6,2023-05-11,Morning,Y
Ausma,Malik,6,2023-05-11,Afternoon,Y
Ausma,Malik,6,2023-05-11,Evening,Y
Ausma,Malik,6,2023-05-11,Evening,Y
Nick,Mantas,6,2023-05-11,Morning,Y
Nick,Mantas,6,2023-05-11,Afternoon,Y
Nick,Mantas,6,2023-05-11,Evening,Y
Nick,Mantas,6,2023-05-11,Evening,Y
Josh,Matlow,6,2023-05-11,Morning,Y
Josh,Matlow,6,2023-05-11,Afternoon,Y
Josh,Matlow,6,2023-05-11,Evening,Y
Josh,Matlow,6,2023-05-11,Evening,Y
Jennifer,McKelvie,6,2023-05-11,Morning,Y
Jennifer,McKelvie,6,2023-05-11,Afternoon,Y
Jennifer,McKelvie,6,2023-05-11,Evening,Y
Jennifer,McKelvie,6,2023-05-11,Evening,Y
Chris,Moise,6,2023-05-11,Morning,Y
Chris,Moise,6,2023-05-11,Afternoon,Y
Chris,Moise,6,2023-05-11,Evening,Y
Chris,Moise,6,2023-05-11,Evening,Y
Amber,Morley,6,2023-05-11,Morning,Y
Amber,Morley,6,2023-05-11,Afternoon,Y
Amber,Morley,6,2023-05-11,Evening,Y
Amber,Morley,6,2023-05-11,Evening,Y
Jamaal,Myers,6,2023-05-11,Morning,Y
Jamaal,Myers,6,2023-05-11,Afternoon,Y
Jamaal,Myers,6,2023-05-11,Evening,Y
Jamaal,Myers,6,2023-05-11,Evening,Y
Frances,Nunziata,6,2023-05-11,Morning,Y
Frances,Nunziata,6,2023-05-11,Afternoon,Y
Frances,Nunziata,6,2023-05-11,Evening,Y
Frances,Nunziata,6,2023-05-11,Evening,Y
James,Pasternak,6,2023-05-11,Morning,Y
James,Pasternak,6,2023-05-11,Afternoon,Y
James,Pasternak,6,2023-05-11,Evening,N
James,Pasternak,6,2023-05-11,Evening,N
Gord,Perks,6,2023-05-11,Morning,Y
Gord,Perks,6,2023-05-11,Afternoon,Y
Gord,Perks,6,2023-05-11,Evening,Y
Gord,Perks,6,2023-05-11,Evening,Y
Anthony,Perruzza,6,2023-05-11,Morning,Y
Anthony,Perruzza,6,2023-05-11,Afternoon,Y
Anthony,Perruzza,6,2023-05-11,Evening,Y
Anthony,Perruzza,6,2023-05-11,Evening,Y
Jaye,Robinson,6,2023-05-11,Morning,Y
Jaye,Robinson,6,2023-05-11,Afternoon,Y
Jaye,Robinson,6,2023-05-11,Evening,Y
Jaye,Robinson,6,2023-05-11,Evening,Y
Dianne,Saxe,6,2023-05-11,Morning,Y
Dianne,Saxe,6,2023-05-11,Afternoon,Y
Dianne,Saxe,6,2023-05-11,Evening,Y
Dianne,Saxe,6,2023-05-11,Evening,N
Michael,Thompson,6,2023-05-11,Morning,Y
Michael,Thompson,6,2023-05-11,Afternoon,Y
Michael,Thompson,6,2023-05-11,Evening,Y
Michael,Thompson,6,2023-05-11,Evening,Y
Paul,Ainslie,6,2023-05-12,Morning,Y
Paul,Ainslie,6,2023-05-12,Afternoon,Y
Brad,Bradford,6,2023-05-12,Morning,Y
Brad,Bradford,6,2023-05-12,Afternoon,Y
Alejandra,Bravo,6,2023-05-12,Morning,Y
Alejandra,Bravo,6,2023-05-12,Afternoon,Y
Jon,Burnside,6,2023-05-12,Morning,Y
Jon,Burnside,6,2023-05-12,Afternoon,Y
Shelley,Carroll,6,2023-05-12,Morning,Y
Shelley,Carroll,6,2023-05-12,Afternoon,Y
Lily,Cheng,6,2023-05-12,Morning,Y
Lily,Cheng,6,2023-05-12,Afternoon,Y
Mike,Colle,6,2023-05-12,Morning,Y
Mike,Colle,6,2023-05-12,Afternoon,Y
Gary,Crawford,6,2023-05-12,Morning,Y
Gary,Crawford,6,2023-05-12,Afternoon,Y
Vincent,Crisanti,6,2023-05-12,Morning,Y
Vincent,Crisanti,6,2023-05-12,Afternoon,Y
Paula,Fletcher,6,2023-05-12,Morning,Y
Paula,Fletcher,6,2023-05-12,Afternoon,Y
Stephen,Holyday,6,2023-05-12,Morning,Y
Stephen,Holyday,6,2023-05-12,Afternoon,Y
Ausma,Malik,6,2023-05-12,Morning,Y
Ausma,Malik,6,2023-05-12,Afternoon,Y
Nick,Mantas,6,2023-05-12,Morning,Y
Nick,Mantas,6,2023-05-12,Afternoon,Y
Josh,Matlow,6,2023-05-12,Morning,Y
Josh,Matlow,6,2023-05-12,Afternoon,Y
Jennifer,McKelvie,6,2023-05-12,Morning,Y
Jennifer,McKelvie,6,2023-05-12,Afternoon,Y
Chris,Moise,6,2023-05-12,Morning,Y
Chris,Moise,6,2023-05-12,Afternoon,Y
Amber,Morley,6,2023-05-12,Morning,Y
Amber,Morley,6,2023-05-12,Afternoon,Y
Jamaal,Myers,6,2023-05-12,Morning,Y
Jamaal,Myers,6,2023-05-12,Afternoon,Y
Frances,Nunziata,6,2023-05-12,Morning,Y
Frances,Nunziata,6,2023-05-12,Afternoon,Y
James,Pasternak,6,2023-05-12,Afternoon,Y
James,Pasternak,6,2023-05-12,Morning,N
Gord,Perks,6,2023-05-12,Morning,Y
Gord,Perks,6,2023-05-12,Afternoon,Y
Anthony,Perruzza,6,2023-05-12,Morning,Y
Anthony,Perruzza,6,2023-05-12,Afternoon,Y
Jaye,Robinson,6,2023-05-12,Morning,Y
Jaye,Robinson,6,2023-05-12,Afternoon,Y
Dianne,Saxe,6,2023-05-12,Morning,Y
Dianne,Saxe,6,2023-05-12,Afternoon,Y
Michael,Thompson,6,2023-05-12,Morning,Y
Michael,Thompson,6,2023-05-12,Afternoon,Y
Paul,Ainslie,7,2023-06-14,Morning,Y
Paul,Ainslie,7,2023-06-14,Morning,Y
Paul,Ainslie,7,2023-06-14,Afternoon,Y
Paul,Ainslie,7,2023-06-14,Morning,N
Brad,Bradford,7,2023-06-14,Morning,Y
Brad,Bradford,7,2023-06-14,Morning,Y
Brad,Bradford,7,2023-06-14,Morning,Y
Brad,Bradford,7,2023-06-14,Afternoon,Y
Alejandra,Bravo,7,2023-06-14,Morning,Y
Alejandra,Bravo,7,2023-06-14,Morning,Y
Alejandra,Bravo,7,2023-06-14,Morning,Y
Alejandra,Bravo,7,2023-06-14,Afternoon,Y
Jon,Burnside,7,2023-06-14,Morning,Y
Jon,Burnside,7,2023-06-14,Morning,Y
Jon,Burnside,7,2023-06-14,Morning,Y
Jon,Burnside,7,2023-06-14,Afternoon,Y
Shelley,Carroll,7,2023-06-14,Morning,Y
Shelley,Carroll,7,2023-06-14,Morning,Y
Shelley,Carroll,7,2023-06-14,Morning,Y
Shelley,Carroll,7,2023-06-14,Afternoon,Y
Lily,Cheng,7,2023-06-14,Morning,Y
Lily,Cheng,7,2023-06-14,Morning,Y
Lily,Cheng,7,2023-06-14,Morning,Y
Lily,Cheng,7,2023-06-14,Afternoon,Y
Mike,Colle,7,2023-06-14,Morning,Y
Mike,Colle,7,2023-06-14,Morning,Y
Mike,Colle,7,2023-06-14,Morning,Y
Mike,Colle,7,2023-06-14,Afternoon,Y
Gary,Crawford,7,2023-06-14,Morning,Y
Gary,Crawford,7,2023-06-14,Morning,Y
Gary,Crawford,7,2023-06-14,Morning,Y
Gary,Crawford,7,2023-06-14,Afternoon,Y
Vincent,Crisanti,7,2023-06-14,Afternoon,Y
Vincent,Crisanti,7,2023-06-14,Morning,N
Vincent,Crisanti,7,2023-06-14,Morning,N
Vincent,Crisanti,7,2023-06-14,Morning,N
Paula,Fletcher,7,2023-06-14,Morning,Y
Paula,Fletcher,7,2023-06-14,Morning,Y
Paula,Fletcher,7,2023-06-14,Morning,Y
Paula,Fletcher,7,2023-06-14,Afternoon,Y
Stephen,Holyday,7,2023-06-14,Morning,Y
Stephen,Holyday,7,2023-06-14,Morning,Y
Stephen,Holyday,7,2023-06-14,Morning,Y
Stephen,Holyday,7,2023-06-14,Afternoon,Y
Ausma,Malik,7,2023-06-14,Morning,Y
Ausma,Malik,7,2023-06-14,Morning,Y
Ausma,Malik,7,2023-06-14,Morning,Y
Ausma,Malik,7,2023-06-14,Afternoon,Y
Nick,Mantas,7,2023-06-14,Morning,Y
Nick,Mantas,7,2023-06-14,Morning,Y
Nick,Mantas,7,2023-06-14,Morning,Y
Nick,Mantas,7,2023-06-14,Afternoon,Y
Josh,Matlow,7,2023-06-14,Morning,Y
Josh,Matlow,7,2023-06-14,Morning,Y
Josh,Matlow,7,2023-06-14,Morning,Y
Josh,Matlow,7,2023-06-14,Afternoon,Y
Jennifer,McKelvie,7,2023-06-14,Morning,Y
Jennifer,McKelvie,7,2023-06-14,Morning,Y
Jennifer,McKelvie,7,2023-06-14,Morning,Y
Jennifer,McKelvie,7,2023-06-14,Afternoon,Y
Chris,Moise,7,2023-06-14,Morning,Y
Chris,Moise,7,2023-06-14,Morning,Y
Chris,Moise,7,2023-06-14,Morning,Y
Chris,Moise,7,2023-06-14,Afternoon,Y
Amber,Morley,7,2023-06-14,Morning,Y
Amber,Morley,7,2023-06-14,Morning,Y
Amber,Morley,7,2023-06-14,Morning,Y
Amber,Morley,7,2023-06-14,Afternoon,Y
Jamaal,Myers,7,2023-06-14,Morning,Y
Jamaal,Myers,7,2023-06-14,Morning,Y
Jamaal,Myers,7,2023-06-14,Morning,Y
Jamaal,Myers,7,2023-06-14,Afternoon,Y
Frances,Nunziata,7,2023-06-14,Morning,Y
Frances,Nunziata,7,2023-06-14,Morning,Y
Frances,Nunziata,7,2023-06-14,Morning,Y
Frances,Nunziata,7,2023-06-14,Afternoon,Y
James,Pasternak,7,2023-06-14,Morning,Y
James,Pasternak,7,2023-06-14,Morning,Y
James,Pasternak,7,2023-06-14,Morning,Y
James,Pasternak,7,2023-06-14,Afternoon,Y
Gord,Perks,7,2023-06-14,Morning,Y
Gord,Perks,7,2023-06-14,Morning,Y
Gord,Perks,7,2023-06-14,Morning,Y
Gord,Perks,7,2023-06-14,Afternoon,Y
Anthony,Perruzza,7,2023-06-14,Morning,Y
Anthony,Perruzza,7,2023-06-14,Morning,Y
Anthony,Perruzza,7,2023-06-14,Morning,Y
Anthony,Perruzza,7,2023-06-14,Afternoon,Y
Jaye,Robinson,7,2023-06-14,Morning,Y
Jaye,Robinson,7,2023-06-14,Morning,Y
Jaye,Robinson,7,2023-06-14,Morning,Y
Jaye,Robinson,7,2023-06-14,Afternoon,Y
Dianne,Saxe,7,2023-06-14,Morning,Y
Dianne,Saxe,7,2023-06-14,Morning,Y
Dianne,Saxe,7,2023-06-14,Morning,Y
Dianne,Saxe,7,2023-06-14,Afternoon,Y
Michael,Thompson,7,2023-06-14,Morning,Y
Michael,Thompson,7,2023-06-14,Morning,Y
Michael,Thompson,7,2023-06-14,Morning,Y
Michael,Thompson,7,2023-06-14,Afternoon,Y
Paul,Ainslie,7,2023-06-15,Morning,Y
Paul,Ainslie,7,2023-06-15,Afternoon,Y
Brad,Bradford,7,2023-06-15,Morning,Y
Brad,Bradford,7,2023-06-15,Afternoon,Y
Alejandra,Bravo,7,2023-06-15,Morning,Y
Alejandra,Bravo,7,2023-06-15,Afternoon,Y
Jon,Burnside,7,2023-06-15,Morning,Y
Jon,Burnside,7,2023-06-15,Afternoon,Y
Shelley,Carroll,7,2023-06-15,Morning,Y
Shelley,Carroll,7,2023-06-15,Afternoon,Y
Lily,Cheng,7,2023-06-15,Morning,Y
Lily,Cheng,7,2023-06-15,Afternoon,Y
Mike,Colle,7,2023-06-15,Morning,Y
Mike,Colle,7,2023-06-15,Afternoon,Y
Gary,Crawford,7,2023-06-15,Morning,Y
Gary,Crawford,7,2023-06-15,Afternoon,Y
Vincent,Crisanti,7,2023-06-15,Morning,Y
Vincent,Crisanti,7,2023-06-15,Afternoon,Y
Paula,Fletcher,7,2023-06-15,Morning,Y
Paula,Fletcher,7,2023-06-15,Afternoon,Y
Stephen,Holyday,7,2023-06-15,Morning,Y
Stephen,Holyday,7,2023-06-15,Afternoon,Y
Ausma,Malik,7,2023-06-15,Morning,Y
Ausma,Malik,7,2023-06-15,Afternoon,Y
Nick,Mantas,7,2023-06-15,Morning,Y
Nick,Mantas,7,2023-06-15,Afternoon,Y
Josh,Matlow,7,2023-06-15,Morning,Y
Josh,Matlow,7,2023-06-15,Afternoon,Y
Jennifer,McKelvie,7,2023-06-15,Morning,Y
Jennifer,McKelvie,7,2023-06-15,Afternoon,Y
Chris,Moise,7,2023-06-15,Morning,Y
Chris,Moise,7,2023-06-15,Afternoon,Y
Amber,Morley,7,2023-06-15,Morning,Y
Amber,Morley,7,2023-06-15,Afternoon,Y
Jamaal,Myers,7,2023-06-15,Morning,Y
Jamaal,Myers,7,2023-06-15,Afternoon,Y
Frances,Nunziata,7,2023-06-15,Morning,Y
Frances,Nunziata,7,2023-06-15,Afternoon,Y
James,Pasternak,7,2023-06-15,Morning,Y
James,Pasternak,7,2023-06-15,Afternoon,Y
Gord,Perks,7,2023-06-15,Morning,Y
Gord,Perks,7,2023-06-15,Afternoon,Y
Anthony,Perruzza,7,2023-06-15,Morning,Y
Anthony,Perruzza,7,2023-06-15,Afternoon,Y
Jaye,Robinson,7,2023-06-15,Morning,Y
Jaye,Robinson,7,2023-06-15,Afternoon,Y
Dianne,Saxe,7,2023-06-15,Morning,Y
Dianne,Saxe,7,2023-06-15,Afternoon,Y
Michael,Thompson,7,2023-06-15,Morning,Y
Michael,Thompson,7,2023-06-15,Afternoon,Y
Paul,Ainslie,8,2023-07-19,Morning,Y
Paul,Ainslie,8,2023-07-19,Afternoon,Y
Brad,Bradford,8,2023-07-19,Morning,Y
Brad,Bradford,8,2023-07-19,Afternoon,Y
Alejandra,Bravo,8,2023-07-19,Morning,Y
Alejandra,Bravo,8,2023-07-19,Afternoon,Y
Jon,Burnside,8,2023-07-19,Morning,Y
Jon,Burnside,8,2023-07-19,Afternoon,Y
Shelley,Carroll,8,2023-07-19,Morning,Y
Shelley,Carroll,8,2023-07-19,Afternoon,Y
Lily,Cheng,8,2023-07-19,Morning,Y
Lily,Cheng,8,2023-07-19,Afternoon,Y
Olivia,Chow,8,2023-07-19,Morning,Y
Olivia,Chow,8,2023-07-19,Afternoon,Y
Mike,Colle,8,2023-07-19,Morning,Y
Mike,Colle,8,2023-07-19,Afternoon,Y
Gary,Crawford,8,2023-07-19,Morning,Y
Gary,Crawford,8,2023-07-19,Afternoon,N
Vincent,Crisanti,8,2023-07-19,Morning,Y
Vincent,Crisanti,8,2023-07-19,Afternoon,Y
Paula,Fletcher,8,2023-07-19,Morning,Y
Paula,Fletcher,8,2023-07-19,Afternoon,Y
Stephen,Holyday,8,2023-07-19,Morning,Y
Stephen,Holyday,8,2023-07-19,Afternoon,Y
Ausma,Malik,8,2023-07-19,Morning,Y
Ausma,Malik,8,2023-07-19,Afternoon,Y
Nick,Mantas,8,2023-07-19,Morning,Y
Nick,Mantas,8,2023-07-19,Afternoon,Y
Josh,Matlow,8,2023-07-19,Morning,Y
Josh,Matlow,8,2023-07-19,Afternoon,Y
Jennifer,McKelvie,8,2023-07-19,Morning,Y
Jennifer,McKelvie,8,2023-07-19,Afternoon,Y
Chris,Moise,8,2023-07-19,Morning,Y
Chris,Moise,8,2023-07-19,Afternoon,Y
Amber,Morley,8,2023-07-19,Morning,Y
Amber,Morley,8,2023-07-19,Afternoon,Y
Jamaal,Myers,8,2023-07-19,Morning,Y
Jamaal,Myers,8,2023-07-19,Afternoon,Y
Frances,Nunziata,8,2023-07-19,Morning,Y
Frances,Nunziata,8,2023-07-19,Afternoon,Y
James,Pasternak,8,2023-07-19,Morning,Y
James,Pasternak,8,2023-07-19,Afternoon,Y
Gord,Perks,8,2023-07-19,Morning,Y
Gord,Perks,8,2023-07-19,Afternoon,Y
Anthony,Perruzza,8,2023-07-19,Morning,Y
Anthony,Perruzza,8,2023-07-19,Afternoon,Y
Jaye,Robinson,8,2023-07-19,Morning,Y
Jaye,Robinson,8,2023-07-19,Afternoon,Y
Dianne,Saxe,8,2023-07-19,Morning,Y
Dianne,Saxe,8,2023-07-19,Afternoon,Y
Michael,Thompson,8,2023-07-19,Morning,Y
Michael,Thompson,8,2023-07-19,Afternoon,Y
Paul,Ainslie,8,2023-07-20,Morning,Y
Paul,Ainslie,8,2023-07-20,Afternoon,Y
Paul,Ainslie,8,2023-07-20,Afternoon,Y
Paul,Ainslie,8,2023-07-20,Afternoon,N
Brad,Bradford,8,2023-07-20,Morning,Y
Brad,Bradford,8,2023-07-20,Afternoon,Y
Brad,Bradford,8,2023-07-20,Afternoon,Y
Brad,Bradford,8,2023-07-20,Afternoon,N
Alejandra,Bravo,8,2023-07-20,Morning,Y
Alejandra,Bravo,8,2023-07-20,Afternoon,Y
Alejandra,Bravo,8,2023-07-20,Afternoon,Y
Alejandra,Bravo,8,2023-07-20,Afternoon,Y
Jon,Burnside,8,2023-07-20,Morning,Y
Jon,Burnside,8,2023-07-20,Afternoon,Y
Jon,Burnside,8,2023-07-20,Afternoon,Y
Jon,Burnside,8,2023-07-20,Afternoon,Y
Shelley,Carroll,8,2023-07-20,Morning,Y
Shelley,Carroll,8,2023-07-20,Afternoon,Y
Shelley,Carroll,8,2023-07-20,Afternoon,Y
Shelley,Carroll,8,2023-07-20,Afternoon,Y
Lily,Cheng,8,2023-07-20,Morning,Y
Lily,Cheng,8,2023-07-20,Afternoon,Y
Lily,Cheng,8,2023-07-20,Afternoon,Y
Lily,Cheng,8,2023-07-20,Afternoon,Y
Olivia,Chow,8,2023-07-20,Morning,Y
Olivia,Chow,8,2023-07-20,Afternoon,Y
Olivia,Chow,8,2023-07-20,Afternoon,Y
Olivia,Chow,8,2023-07-20,Afternoon,Y
Mike,Colle,8,2023-07-20,Morning,Y
Mike,Colle,8,2023-07-20,Afternoon,Y
Mike,Colle,8,2023-07-20,Afternoon,Y
Mike,Colle,8,2023-07-20,Afternoon,Y
Gary,Crawford,8,2023-07-20,Morning,N
Gary,Crawford,8,2023-07-20,Afternoon,N
Gary,Crawford,8,2023-07-20,Afternoon,N
Gary,Crawford,8,2023-07-20,Afternoon,N
Vincent,Crisanti,8,2023-07-20,Morning,Y
Vincent,Crisanti,8,2023-07-20,Afternoon,Y
Vincent,Crisanti,8,2023-07-20,Afternoon,Y
Vincent,Crisanti,8,2023-07-20,Afternoon,Y
Paula,Fletcher,8,2023-07-20,Morning,Y
Paula,Fletcher,8,2023-07-20,Afternoon,Y
Paula,Fletcher,8,2023-07-20,Afternoon,Y
Paula,Fletcher,8,2023-07-20,Afternoon,Y
Stephen,Holyday,8,2023-07-20,Morning,Y
Stephen,Holyday,8,2023-07-20,Afternoon,Y
Stephen,Holyday,8,2023-07-20,Afternoon,Y
Stephen,Holyday,8,2023-07-20,Afternoon,Y
Ausma,Malik,8,2023-07-20,Morning,Y
Ausma,Malik,8,2023-07-20,Afternoon,Y
Ausma,Malik,8,2023-07-20,Afternoon,Y
Ausma,Malik,8,2023-07-20,Afternoon,Y
Nick,Mantas,8,2023-07-20,Morning,Y
Nick,Mantas,8,2023-07-20,Afternoon,Y
Nick,Mantas,8,2023-07-20,Afternoon,Y
Nick,Mantas,8,2023-07-20,Afternoon,Y
Josh,Matlow,8,2023-07-20,Morning,Y
Josh,Matlow,8,2023-07-20,Afternoon,Y
Josh,Matlow,8,2023-07-20,Afternoon,Y
Josh,Matlow,8,2023-07-20,Afternoon,N
Jennifer,McKelvie,8,2023-07-20,Morning,Y
Jennifer,McKelvie,8,2023-07-20,Afternoon,Y
Jennifer,McKelvie,8,2023-07-20,Afternoon,Y
Jennifer,McKelvie,8,2023-07-20,Afternoon,Y
Chris,Moise,8,2023-07-20,Morning,Y
Chris,Moise,8,2023-07-20,Afternoon,Y
Chris,Moise,8,2023-07-20,Afternoon,Y
Chris,Moise,8,2023-07-20,Afternoon,Y
Amber,Morley,8,2023-07-20,Morning,Y
Amber,Morley,8,2023-07-20,Afternoon,Y
Amber,Morley,8,2023-07-20,Afternoon,Y
Amber,Morley,8,2023-07-20,Afternoon,N
Jamaal,Myers,8,2023-07-20,Morning,Y
Jamaal,Myers,8,2023-07-20,Afternoon,Y
Jamaal,Myers,8,2023-07-20,Afternoon,Y
Jamaal,Myers,8,2023-07-20,Afternoon,Y
Frances,Nunziata,8,2023-07-20,Morning,Y
Frances,Nunziata,8,2023-07-20,Afternoon,Y
Frances,Nunziata,8,2023-07-20,Afternoon,Y
Frances,Nunziata,8,2023-07-20,Afternoon,Y
James,Pasternak,8,2023-07-20,Morning,Y
James,Pasternak,8,2023-07-20,Afternoon,Y
James,Pasternak,8,2023-07-20,Afternoon,Y
James,Pasternak,8,2023-07-20,Afternoon,Y
Gord,Perks,8,2023-07-20,Morning,Y
Gord,Perks,8,2023-07-20,Afternoon,Y
Gord,Perks,8,2023-07-20,Afternoon,Y
Gord,Perks,8,2023-07-20,Afternoon,Y
Anthony,Perruzza,8,2023-07-20,Morning,Y
Anthony,Perruzza,8,2023-07-20,Afternoon,Y
Anthony,Perruzza,8,2023-07-20,Afternoon,Y
Anthony,Perruzza,8,2023-07-20,Afternoon,N
Jaye,Robinson,8,2023-07-20,Morning,Y
Jaye,Robinson,8,2023-07-20,Afternoon,Y
Jaye,Robinson,8,2023-07-20,Afternoon,N
Jaye,Robinson,8,2023-07-20,Afternoon,N
Dianne,Saxe,8,2023-07-20,Morning,Y
Dianne,Saxe,8,2023-07-20,Afternoon,Y
Dianne,Saxe,8,2023-07-20,Afternoon,Y
Dianne,Saxe,8,2023-07-20,Afternoon,Y
Michael,Thompson,8,2023-07-20,Morning,Y
Michael,Thompson,8,2023-07-20,Afternoon,Y
Michael,Thompson,8,2023-07-20,Afternoon,Y
Michael,Thompson,8,2023-07-20,Afternoon,N
Paul,Ainslie,9,2023-08-10,Afternoon,Y
Brad,Bradford,9,2023-08-10,Afternoon,Y
Alejandra,Bravo,9,2023-08-10,Afternoon,Y
Jon,Burnside,9,2023-08-10,Afternoon,Y
Shelley,Carroll,9,2023-08-10,Afternoon,Y
Lily,Cheng,9,2023-08-10,Afternoon,N
Olivia,Chow,9,2023-08-10,Afternoon,Y
Mike,Colle,9,2023-08-10,Afternoon,Y
Vincent,Crisanti,9,2023-08-10,Afternoon,Y
Paula,Fletcher,9,2023-08-10,Afternoon,Y
Stephen,Holyday,9,2023-08-10,Afternoon,Y
Ausma,Malik,9,2023-08-10,Afternoon,Y
Nick,Mantas,9,2023-08-10,Afternoon,Y
Josh,Matlow,9,2023-08-10,Afternoon,N
Jennifer,McKelvie,9,2023-08-10,Afternoon,Y
Chris,Moise,9,2023-08-10,Afternoon,Y
Amber,Morley,9,2023-08-10,Afternoon,Y
Jamaal,Myers,9,2023-08-10,Afternoon,N
Frances,Nunziata,9,2023-08-10,Afternoon,Y
James,Pasternak,9,2023-08-10,Afternoon,N
Gord,Perks,9,2023-08-10,Afternoon,Y
Anthony,Perruzza,9,2023-08-10,Afternoon,Y
Jaye,Robinson,9,2023-08-10,Afternoon,Y
Dianne,Saxe,9,2023-08-10,Afternoon,Y
Michael,Thompson,9,2023-08-10,Afternoon,N
Paul,Ainslie,10,2023-09-06,Morning,Y
Paul,Ainslie,10,2023-09-06,Afternoon,Y
Paul,Ainslie,10,2023-09-06,Afternoon,Y
Paul,Ainslie,10,2023-09-06,Evening,Y
Brad,Bradford,10,2023-09-06,Morning,Y
Brad,Bradford,10,2023-09-06,Afternoon,Y
Brad,Bradford,10,2023-09-06,Afternoon,Y
Brad,Bradford,10,2023-09-06,Evening,Y
Alejandra,Bravo,10,2023-09-06,Morning,Y
Alejandra,Bravo,10,2023-09-06,Afternoon,Y
Alejandra,Bravo,10,2023-09-06,Afternoon,Y
Alejandra,Bravo,10,2023-09-06,Evening,Y
Jon,Burnside,10,2023-09-06,Morning,N
Jon,Burnside,10,2023-09-06,Afternoon,N
Jon,Burnside,10,2023-09-06,Afternoon,N
Jon,Burnside,10,2023-09-06,Evening,N
Shelley,Carroll,10,2023-09-06,Morning,Y
Shelley,Carroll,10,2023-09-06,Afternoon,Y
Shelley,Carroll,10,2023-09-06,Afternoon,Y
Shelley,Carroll,10,2023-09-06,Evening,Y
Lily,Cheng,10,2023-09-06,Morning,Y
Lily,Cheng,10,2023-09-06,Afternoon,Y
Lily,Cheng,10,2023-09-06,Afternoon,Y
Lily,Cheng,10,2023-09-06,Evening,Y
Olivia,Chow,10,2023-09-06,Morning,Y
Olivia,Chow,10,2023-09-06,Afternoon,Y
Olivia,Chow,10,2023-09-06,Afternoon,Y
Olivia,Chow,10,2023-09-06,Evening,Y
Mike,Colle,10,2023-09-06,Morning,Y
Mike,Colle,10,2023-09-06,Afternoon,Y
Mike,Colle,10,2023-09-06,Afternoon,Y
Mike,Colle,10,2023-09-06,Evening,Y
Vincent,Crisanti,10,2023-09-06,Morning,Y
Vincent,Crisanti,10,2023-09-06,Afternoon,Y
Vincent,Crisanti,10,2023-09-06,Afternoon,N
Vincent,Crisanti,10,2023-09-06,Evening,N
Paula,Fletcher,10,2023-09-06,Morning,Y
Paula,Fletcher,10,2023-09-06,Afternoon,Y
Paula,Fletcher,10,2023-09-06,Afternoon,Y
Paula,Fletcher,10,2023-09-06,Evening,Y
Stephen,Holyday,10,2023-09-06,Morning,Y
Stephen,Holyday,10,2023-09-06,Afternoon,Y
Stephen,Holyday,10,2023-09-06,Afternoon,Y
Stephen,Holyday,10,2023-09-06,Evening,Y
Ausma,Malik,10,2023-09-06,Morning,Y
Ausma,Malik,10,2023-09-06,Afternoon,Y
Ausma,Malik,10,2023-09-06,Afternoon,Y
Ausma,Malik,10,2023-09-06,Evening,Y
Nick,Mantas,10,2023-09-06,Morning,Y
Nick,Mantas,10,2023-09-06,Afternoon,Y
Nick,Mantas,10,2023-09-06,Afternoon,Y
Nick,Mantas,10,2023-09-06,Evening,Y
Josh,Matlow,10,2023-09-06,Morning,Y
Josh,Matlow,10,2023-09-06,Afternoon,Y
Josh,Matlow,10,2023-09-06,Afternoon,Y
Josh,Matlow,10,2023-09-06,Evening,Y
Jennifer,McKelvie,10,2023-09-06,Morning,Y
Jennifer,McKelvie,10,2023-09-06,Afternoon,Y
Jennifer,McKelvie,10,2023-09-06,Afternoon,Y
Jennifer,McKelvie,10,2023-09-06,Evening,Y
Chris,Moise,10,2023-09-06,Morning,Y
Chris,Moise,10,2023-09-06,Afternoon,Y
Chris,Moise,10,2023-09-06,Afternoon,Y
Chris,Moise,10,2023-09-06,Evening,Y
Amber,Morley,10,2023-09-06,Morning,Y
Amber,Morley,10,2023-09-06,Afternoon,Y
Amber,Morley,10,2023-09-06,Afternoon,Y
Amber,Morley,10,2023-09-06,Evening,Y
Jamaal,Myers,10,2023-09-06,Morning,Y
Jamaal,Myers,10,2023-09-06,Afternoon,Y
Jamaal,Myers,10,2023-09-06,Evening,Y
Jamaal,Myers,10,2023-09-06,Afternoon,N
Frances,Nunziata,10,2023-09-06,Morning,Y
Frances,Nunziata,10,2023-09-06,Afternoon,Y
Frances,Nunziata,10,2023-09-06,Afternoon,Y
Frances,Nunziata,10,2023-09-06,Evening,Y
James,Pasternak,10,2023-09-06,Morning,Y
James,Pasternak,10,2023-09-06,Afternoon,Y
James,Pasternak,10,2023-09-06,Afternoon,Y
James,Pasternak,10,2023-09-06,Evening,Y
Gord,Perks,10,2023-09-06,Morning,Y
Gord,Perks,10,2023-09-06,Afternoon,Y
Gord,Perks,10,2023-09-06,Afternoon,Y
Gord,Perks,10,2023-09-06,Evening,Y
Anthony,Perruzza,10,2023-09-06,Morning,Y
Anthony,Perruzza,10,2023-09-06,Afternoon,Y
Anthony,Perruzza,10,2023-09-06,Evening,Y
Anthony,Perruzza,10,2023-09-06,Afternoon,N
Jaye,Robinson,10,2023-09-06,Morning,Y
Jaye,Robinson,10,2023-09-06,Afternoon,Y
Jaye,Robinson,10,2023-09-06,Afternoon,Y
Jaye,Robinson,10,2023-09-06,Evening,Y
Dianne,Saxe,10,2023-09-06,Morning,Y
Dianne,Saxe,10,2023-09-06,Afternoon,Y
Dianne,Saxe,10,2023-09-06,Afternoon,Y
Dianne,Saxe,10,2023-09-06,Evening,Y
Michael,Thompson,10,2023-09-06,Morning,Y
Michael,Thompson,10,2023-09-06,Afternoon,Y
Michael,Thompson,10,2023-09-06,Afternoon,Y
Michael,Thompson,10,2023-09-06,Evening,Y
Paul,Ainslie,11,2023-10-11,Morning,Y
Paul,Ainslie,11,2023-10-11,Afternoon,Y
Paul,Ainslie,11,2023-10-11,Afternoon,Y
Brad,Bradford,11,2023-10-11,Morning,Y
Brad,Bradford,11,2023-10-11,Afternoon,Y
Brad,Bradford,11,2023-10-11,Afternoon,Y
Alejandra,Bravo,11,2023-10-11,Morning,Y
Alejandra,Bravo,11,2023-10-11,Afternoon,Y
Alejandra,Bravo,11,2023-10-11,Afternoon,Y
Jon,Burnside,11,2023-10-11,Morning,Y
Jon,Burnside,11,2023-10-11,Afternoon,Y
Jon,Burnside,11,2023-10-11,Afternoon,Y
Shelley,Carroll,11,2023-10-11,Morning,Y
Shelley,Carroll,11,2023-10-11,Afternoon,Y
Shelley,Carroll,11,2023-10-11,Afternoon,Y
Lily,Cheng,11,2023-10-11,Morning,Y
Lily,Cheng,11,2023-10-11,Afternoon,Y
Lily,Cheng,11,2023-10-11,Afternoon,Y
Olivia,Chow,11,2023-10-11,Morning,Y
Olivia,Chow,11,2023-10-11,Afternoon,Y
Olivia,Chow,11,2023-10-11,Afternoon,Y
Mike,Colle,11,2023-10-11,Morning,Y
Mike,Colle,11,2023-10-11,Afternoon,Y
Mike,Colle,11,2023-10-11,Afternoon,Y
Vincent,Crisanti,11,2023-10-11,Morning,Y
Vincent,Crisanti,11,2023-10-11,Afternoon,Y
Vincent,Crisanti,11,2023-10-11,Afternoon,Y
Paula,Fletcher,11,2023-10-11,Morning,Y
Paula,Fletcher,11,2023-10-11,Afternoon,Y
Paula,Fletcher,11,2023-10-11,Afternoon,Y
Stephen,Holyday,11,2023-10-11,Morning,Y
Stephen,Holyday,11,2023-10-11,Afternoon,Y
Stephen,Holyday,11,2023-10-11,Afternoon,Y
Ausma,Malik,11,2023-10-11,Morning,Y
Ausma,Malik,11,2023-10-11,Afternoon,Y
Ausma,Malik,11,2023-10-11,Afternoon,Y
Nick,Mantas,11,2023-10-11,Morning,Y
Nick,Mantas,11,2023-10-11,Afternoon,Y
Nick,Mantas,11,2023-10-11,Afternoon,Y
Josh,Matlow,11,2023-10-11,Morning,Y
Josh,Matlow,11,2023-10-11,Afternoon,Y
Josh,Matlow,11,2023-10-11,Afternoon,Y
Jennifer,McKelvie,11,2023-10-11,Morning,Y
Jennifer,McKelvie,11,2023-10-11,Afternoon,Y
Jennifer,McKelvie,11,2023-10-11,Afternoon,Y
Chris,Moise,11,2023-10-11,Morning,Y
Chris,Moise,11,2023-10-11,Afternoon,Y
Chris,Moise,11,2023-10-11,Afternoon,Y
Amber,Morley,11,2023-10-11,Morning,Y
Amber,Morley,11,2023-10-11,Afternoon,Y
Amber,Morley,11,2023-10-11,Afternoon,Y
Jamaal,Myers,11,2023-10-11,Morning,Y
Jamaal,Myers,11,2023-10-11,Afternoon,Y
Jamaal,Myers,11,2023-10-11,Afternoon,Y
Frances,Nunziata,11,2023-10-11,Morning,Y
Frances,Nunziata,11,2023-10-11,Afternoon,Y
Frances,Nunziata,11,2023-10-11,Afternoon,Y
James,Pasternak,11,2023-10-11,Morning,Y
James,Pasternak,11,2023-10-11,Afternoon,Y
James,Pasternak,11,2023-10-11,Afternoon,Y
Gord,Perks,11,2023-10-11,Morning,Y
Gord,Perks,11,2023-10-11,Afternoon,Y
Gord,Perks,11,2023-10-11,Afternoon,Y
Anthony,Perruzza,11,2023-10-11,Morning,Y
Anthony,Perruzza,11,2023-10-11,Afternoon,Y
Anthony,Perruzza,11,2023-10-11,Afternoon,Y
Jaye,Robinson,11,2023-10-11,Morning,Y
Jaye,Robinson,11,2023-10-11,Afternoon,Y
Jaye,Robinson,11,2023-10-11,Afternoon,Y
Dianne,Saxe,11,2023-10-11,Morning,Y
Dianne,Saxe,11,2023-10-11,Afternoon,Y
Dianne,Saxe,11,2023-10-11,Afternoon,Y
Michael,Thompson,11,2023-10-11,Morning,N
Michael,Thompson,11,2023-10-11,Afternoon,N
Michael,Thompson,11,2023-10-11,Afternoon,N
Paul,Ainslie,11,2023-10-12,Morning,Y
Paul,Ainslie,11,2023-10-12,Morning,Y
Paul,Ainslie,11,2023-10-12,Afternoon,Y
Paul,Ainslie,11,2023-10-12,Afternoon,Y
Paul,Ainslie,11,2023-10-12,Afternoon,Y
Paul,Ainslie,11,2023-10-12,Evening,Y
Brad,Bradford,11,2023-10-12,Morning,Y
Brad,Bradford,11,2023-10-12,Morning,Y
Brad,Bradford,11,2023-10-12,Afternoon,Y
Brad,Bradford,11,2023-10-12,Afternoon,Y
Brad,Bradford,11,2023-10-12,Afternoon,Y
Brad,Bradford,11,2023-10-12,Evening,Y
Alejandra,Bravo,11,2023-10-12,Morning,Y
Alejandra,Bravo,11,2023-10-12,Morning,Y
Alejandra,Bravo,11,2023-10-12,Afternoon,Y
Alejandra,Bravo,11,2023-10-12,Afternoon,Y
Alejandra,Bravo,11,2023-10-12,Afternoon,Y
Alejandra,Bravo,11,2023-10-12,Evening,Y
Jon,Burnside,11,2023-10-12,Morning,Y
Jon,Burnside,11,2023-10-12,Morning,Y
Jon,Burnside,11,2023-10-12,Afternoon,Y
Jon,Burnside,11,2023-10-12,Afternoon,Y
Jon,Burnside,11,2023-10-12,Afternoon,Y
Jon,Burnside,11,2023-10-12,Evening,Y
Shelley,Carroll,11,2023-10-12,Morning,Y
Shelley,Carroll,11,2023-10-12,Afternoon,Y
Shelley,Carroll,11,2023-10-12,Afternoon,Y
Shelley,Carroll,11,2023-10-12,Afternoon,Y
Shelley,Carroll,11,2023-10-12,Evening,Y
Shelley,Carroll,11,2023-10-12,Morning,N
Lily,Cheng,11,2023-10-12,Morning,Y
Lily,Cheng,11,2023-10-12,Morning,Y
Lily,Cheng,11,2023-10-12,Afternoon,Y
Lily,Cheng,11,2023-10-12,Afternoon,Y
Lily,Cheng,11,2023-10-12,Afternoon,Y
Lily,Cheng,11,2023-10-12,Evening,Y
Olivia,Chow,11,2023-10-12,Morning,Y
Olivia,Chow,11,2023-10-12,Morning,Y
Olivia,Chow,11,2023-10-12,Afternoon,Y
Olivia,Chow,11,2023-10-12,Afternoon,Y
Olivia,Chow,11,2023-10-12,Evening,Y
Olivia,Chow,11,2023-10-12,Afternoon,N
Mike,Colle,11,2023-10-12,Morning,Y
Mike,Colle,11,2023-10-12,Morning,Y
Mike,Colle,11,2023-10-12,Afternoon,Y
Mike,Colle,11,2023-10-12,Afternoon,Y
Mike,Colle,11,2023-10-12,Afternoon,Y
Mike,Colle,11,2023-10-12,Evening,Y
Vincent,Crisanti,11,2023-10-12,Morning,Y
Vincent,Crisanti,11,2023-10-12,Morning,Y
Vincent,Crisanti,11,2023-10-12,Afternoon,Y
Vincent,Crisanti,11,2023-10-12,Afternoon,Y
Vincent,Crisanti,11,2023-10-12,Afternoon,Y
Vincent,Crisanti,11,2023-10-12,Evening,N
Paula,Fletcher,11,2023-10-12,Morning,Y
Paula,Fletcher,11,2023-10-12,Morning,Y
Paula,Fletcher,11,2023-10-12,Afternoon,Y
Paula,Fletcher,11,2023-10-12,Afternoon,Y
Paula,Fletcher,11,2023-10-12,Afternoon,Y
Paula,Fletcher,11,2023-10-12,Evening,Y
Stephen,Holyday,11,2023-10-12,Morning,Y
Stephen,Holyday,11,2023-10-12,Morning,Y
Stephen,Holyday,11,2023-10-12,Afternoon,Y
Stephen,Holyday,11,2023-10-12,Afternoon,Y
Stephen,Holyday,11,2023-10-12,Afternoon,Y
Stephen,Holyday,11,2023-10-12,Evening,Y
Ausma,Malik,11,2023-10-12,Morning,Y
Ausma,Malik,11,2023-10-12,Morning,Y
Ausma,Malik,11,2023-10-12,Afternoon,Y
Ausma,Malik,11,2023-10-12,Afternoon,Y
Ausma,Malik,11,2023-10-12,Evening,Y
Ausma,Malik,11,2023-10-12,Afternoon,N
Nick,Mantas,11,2023-10-12,Morning,Y
Nick,Mantas,11,2023-10-12,Morning,Y
Nick,Mantas,11,2023-10-12,Afternoon,Y
Nick,Mantas,11,2023-10-12,Afternoon,Y
Nick,Mantas,11,2023-10-12,Evening,Y
Nick,Mantas,11,2023-10-12,Afternoon,N
Josh,Matlow,11,2023-10-12,Morning,Y
Josh,Matlow,11,2023-10-12,Morning,Y
Josh,Matlow,11,2023-10-12,Afternoon,Y
Josh,Matlow,11,2023-10-12,Afternoon,Y
Josh,Matlow,11,2023-10-12,Afternoon,Y
Josh,Matlow,11,2023-10-12,Evening,Y
Jennifer,McKelvie,11,2023-10-12,Morning,Y
Jennifer,McKelvie,11,2023-10-12,Morning,Y
Jennifer,McKelvie,11,2023-10-12,Afternoon,Y
Jennifer,McKelvie,11,2023-10-12,Afternoon,Y
Jennifer,McKelvie,11,2023-10-12,Afternoon,Y
Jennifer,McKelvie,11,2023-10-12,Evening,Y
Chris,Moise,11,2023-10-12,Morning,Y
Chris,Moise,11,2023-10-12,Morning,Y
Chris,Moise,11,2023-10-12,Afternoon,Y
Chris,Moise,11,2023-10-12,Afternoon,Y
Chris,Moise,11,2023-10-12,Afternoon,Y
Chris,Moise,11,2023-10-12,Evening,Y
Amber,Morley,11,2023-10-12,Morning,Y
Amber,Morley,11,2023-10-12,Morning,Y
Amber,Morley,11,2023-10-12,Afternoon,Y
Amber,Morley,11,2023-10-12,Afternoon,Y
Amber,Morley,11,2023-10-12,Afternoon,Y
Amber,Morley,11,2023-10-12,Evening,Y
Jamaal,Myers,11,2023-10-12,Morning,Y
Jamaal,Myers,11,2023-10-12,Morning,Y
Jamaal,Myers,11,2023-10-12,Afternoon,Y
Jamaal,Myers,11,2023-10-12,Afternoon,Y
Jamaal,Myers,11,2023-10-12,Afternoon,Y
Jamaal,Myers,11,2023-10-12,Evening,Y
Frances,Nunziata,11,2023-10-12,Morning,Y
Frances,Nunziata,11,2023-10-12,Morning,Y
Frances,Nunziata,11,2023-10-12,Afternoon,Y
Frances,Nunziata,11,2023-10-12,Afternoon,Y
Frances,Nunziata,11,2023-10-12,Afternoon,Y
Frances,Nunziata,11,2023-10-12,Evening,Y
James,Pasternak,11,2023-10-12,Morning,Y
James,Pasternak,11,2023-10-12,Morning,Y
James,Pasternak,11,2023-10-12,Afternoon,Y
James,Pasternak,11,2023-10-12,Afternoon,Y
James,Pasternak,11,2023-10-12,Afternoon,N
James,Pasternak,11,2023-10-12,Evening,N
Gord,Perks,11,2023-10-12,Morning,Y
Gord,Perks,11,2023-10-12,Morning,Y
Gord,Perks,11,2023-10-12,Afternoon,Y
Gord,Perks,11,2023-10-12,Afternoon,Y
Gord,Perks,11,2023-10-12,Afternoon,Y
Gord,Perks,11,2023-10-12,Evening,Y
Anthony,Perruzza,11,2023-10-12,Morning,Y
Anthony,Perruzza,11,2023-10-12,Morning,Y
Anthony,Perruzza,11,2023-10-12,Afternoon,Y
Anthony,Perruzza,11,2023-10-12,Afternoon,Y
Anthony,Perruzza,11,2023-10-12,Evening,Y
Anthony,Perruzza,11,2023-10-12,Afternoon,N
Jaye,Robinson,11,2023-10-12,Afternoon,Y
Jaye,Robinson,11,2023-10-12,Evening,Y
Jaye,Robinson,11,2023-10-12,Morning,N
Jaye,Robinson,11,2023-10-12,Morning,N
Jaye,Robinson,11,2023-10-12,Afternoon,N
Jaye,Robinson,11,2023-10-12,Afternoon,N
Dianne,Saxe,11,2023-10-12,Morning,Y
Dianne,Saxe,11,2023-10-12,Morning,Y
Dianne,Saxe,11,2023-10-12,Afternoon,Y
Dianne,Saxe,11,2023-10-12,Afternoon,Y
Dianne,Saxe,11,2023-10-12,Evening,Y
Dianne,Saxe,11,2023-10-12,Afternoon,N
Michael,Thompson,11,2023-10-12,Morning,N
Michael,Thompson,11,2023-10-12,Morning,N
Michael,Thompson,11,2023-10-12,Afternoon,N
Michael,Thompson,11,2023-10-12,Afternoon,N
Michael,Thompson,11,2023-10-12,Afternoon,N
Michael,Thompson,11,2023-10-12,Evening,N
Paul,Ainslie,12,2023-11-08,Morning,Y
Paul,Ainslie,12,2023-11-08,Afternoon,Y
Brad,Bradford,12,2023-11-08,Morning,Y
Brad,Bradford,12,2023-11-08,Afternoon,Y
Alejandra,Bravo,12,2023-11-08,Morning,Y
Alejandra,Bravo,12,2023-11-08,Afternoon,Y
Jon,Burnside,12,2023-11-08,Morning,Y
Jon,Burnside,12,2023-11-08,Afternoon,Y
Shelley,Carroll,12,2023-11-08,Afternoon,Y
Shelley,Carroll,12,2023-11-08,Morning,N
Lily,Cheng,12,2023-11-08,Morning,Y
Lily,Cheng,12,2023-11-08,Afternoon,Y
Olivia,Chow,12,2023-11-08,Morning,Y
Olivia,Chow,12,2023-11-08,Afternoon,Y
Mike,Colle,12,2023-11-08,Morning,Y
Mike,Colle,12,2023-11-08,Afternoon,Y
Vincent,Crisanti,12,2023-11-08,Morning,Y
Vincent,Crisanti,12,2023-11-08,Afternoon,Y
Paula,Fletcher,12,2023-11-08,Morning,Y
Paula,Fletcher,12,2023-11-08,Afternoon,Y
Stephen,Holyday,12,2023-11-08,Morning,Y
Stephen,Holyday,12,2023-11-08,Afternoon,Y
Ausma,Malik,12,2023-11-08,Morning,Y
Ausma,Malik,12,2023-11-08,Afternoon,Y
Nick,Mantas,12,2023-11-08,Morning,Y
Nick,Mantas,12,2023-11-08,Afternoon,Y
Josh,Matlow,12,2023-11-08,Morning,Y
Josh,Matlow,12,2023-11-08,Afternoon,Y
Jennifer,McKelvie,12,2023-11-08,Morning,Y
Jennifer,McKelvie,12,2023-11-08,Afternoon,Y
Chris,Moise,12,2023-11-08,Morning,Y
Chris,Moise,12,2023-11-08,Afternoon,Y
Amber,Morley,12,2023-11-08,Morning,Y
Amber,Morley,12,2023-11-08,Afternoon,Y
Jamaal,Myers,12,2023-11-08,Morning,Y
Jamaal,Myers,12,2023-11-08,Afternoon,Y
Frances,Nunziata,12,2023-11-08,Morning,Y
Frances,Nunziata,12,2023-11-08,Afternoon,Y
James,Pasternak,12,2023-11-08,Morning,Y
James,Pasternak,12,2023-11-08,Afternoon,Y
Gord,Perks,12,2023-11-08,Morning,Y
Gord,Perks,12,2023-11-08,Afternoon,Y
Anthony,Perruzza,12,2023-11-08,Morning,Y
Anthony,Perruzza,12,2023-11-08,Afternoon,Y
Jaye,Robinson,12,2023-11-08,Afternoon,Y
Jaye,Robinson,12,2023-11-08,Morning,N
Dianne,Saxe,12,2023-11-08,Morning,Y
Dianne,Saxe,12,2023-11-08,Afternoon,Y
Michael,Thompson,12,2023-11-08,Morning,Y
Michael,Thompson,12,2023-11-08,Afternoon,Y
Paul,Ainslie,12,2023-11-09,Morning,Y
Paul,Ainslie,12,2023-11-09,Morning,Y
Paul,Ainslie,12,2023-11-09,Afternoon,Y
Brad,Bradford,12,2023-11-09,Morning,Y
Brad,Bradford,12,2023-11-09,Morning,Y
Brad,Bradford,12,2023-11-09,Afternoon,Y
Alejandra,Bravo,12,2023-11-09,Morning,Y
Alejandra,Bravo,12,2023-11-09,Morning,Y
Alejandra,Bravo,12,2023-11-09,Afternoon,Y
Jon,Burnside,12,2023-11-09,Morning,Y
Jon,Burnside,12,2023-11-09,Morning,Y
Jon,Burnside,12,2023-11-09,Afternoon,Y
Shelley,Carroll,12,2023-11-09,Morning,Y
Shelley,Carroll,12,2023-11-09,Morning,Y
Shelley,Carroll,12,2023-11-09,Afternoon,Y
Lily,Cheng,12,2023-11-09,Morning,Y
Lily,Cheng,12,2023-11-09,Morning,Y
Lily,Cheng,12,2023-11-09,Afternoon,Y
Olivia,Chow,12,2023-11-09,Morning,Y
Olivia,Chow,12,2023-11-09,Morning,Y
Olivia,Chow,12,2023-11-09,Afternoon,Y
Mike,Colle,12,2023-11-09,Morning,Y
Mike,Colle,12,2023-11-09,Morning,Y
Mike,Colle,12,2023-11-09,Afternoon,Y
Vincent,Crisanti,12,2023-11-09,Morning,Y
Vincent,Crisanti,12,2023-11-09,Morning,Y
Vincent,Crisanti,12,2023-11-09,Afternoon,Y
Paula,Fletcher,12,2023-11-09,Morning,Y
Paula,Fletcher,12,2023-11-09,Morning,Y
Paula,Fletcher,12,2023-11-09,Afternoon,Y
Stephen,Holyday,12,2023-11-09,Morning,Y
Stephen,Holyday,12,2023-11-09,Morning,Y
Stephen,Holyday,12,2023-11-09,Afternoon,Y
Ausma,Malik,12,2023-11-09,Morning,Y
Ausma,Malik,12,2023-11-09,Morning,Y
Ausma,Malik,12,2023-11-09,Afternoon,Y
Nick,Mantas,12,2023-11-09,Morning,Y
Nick,Mantas,12,2023-11-09,Morning,Y
Nick,Mantas,12,2023-11-09,Afternoon,Y
Josh,Matlow,12,2023-11-09,Morning,Y
Josh,Matlow,12,2023-11-09,Afternoon,Y
Josh,Matlow,12,2023-11-09,Morning,N
Jennifer,McKelvie,12,2023-11-09,Morning,Y
Jennifer,McKelvie,12,2023-11-09,Morning,Y
Jennifer,McKelvie,12,2023-11-09,Afternoon,Y
Chris,Moise,12,2023-11-09,Morning,Y
Chris,Moise,12,2023-11-09,Morning,Y
Chris,Moise,12,2023-11-09,Afternoon,Y
Amber,Morley,12,2023-11-09,Morning,Y
Amber,Morley,12,2023-11-09,Morning,Y
Amber,Morley,12,2023-11-09,Afternoon,Y
Jamaal,Myers,12,2023-11-09,Morning,Y
Jamaal,Myers,12,2023-11-09,Morning,Y
Jamaal,Myers,12,2023-11-09,Afternoon,Y
Frances,Nunziata,12,2023-11-09,Morning,Y
Frances,Nunziata,12,2023-11-09,Morning,Y
Frances,Nunziata,12,2023-11-09,Afternoon,Y
James,Pasternak,12,2023-11-09,Morning,Y
James,Pasternak,12,2023-11-09,Morning,Y
James,Pasternak,12,2023-11-09,Afternoon,Y
Gord,Perks,12,2023-11-09,Morning,Y
Gord,Perks,12,2023-11-09,Afternoon,Y
Gord,Perks,12,2023-11-09,Morning,N
Anthony,Perruzza,12,2023-11-09,Morning,Y
Anthony,Perruzza,12,2023-11-09,Morning,Y
Anthony,Perruzza,12,2023-11-09,Afternoon,Y
Jaye,Robinson,12,2023-11-09,Morning,N
Jaye,Robinson,12,2023-11-09,Morning,N
Jaye,Robinson,12,2023-11-09,Afternoon,N
Dianne,Saxe,12,2023-11-09,Morning,Y
Dianne,Saxe,12,2023-11-09,Morning,Y
Dianne,Saxe,12,2023-11-09,Afternoon,Y
Michael,Thompson,12,2023-11-09,Morning,N
Michael,Thompson,12,2023-11-09,Morning,N
Michael,Thompson,12,2023-11-09,Afternoon,N
Paul,Ainslie,13,2023-12-13,Morning,Y
Paul,Ainslie,13,2023-12-13,Afternoon,Y
Paul,Ainslie,13,2023-12-13,Afternoon,Y
Paul,Ainslie,13,2023-12-13,Afternoon,Y
Brad,Bradford,13,2023-12-13,Morning,Y
Brad,Bradford,13,2023-12-13,Afternoon,Y
Brad,Bradford,13,2023-12-13,Afternoon,Y
Brad,Bradford,13,2023-12-13,Afternoon,Y
Alejandra,Bravo,13,2023-12-13,Morning,Y
Alejandra,Bravo,13,2023-12-13,Afternoon,Y
Alejandra,Bravo,13,2023-12-13,Afternoon,Y
Alejandra,Bravo,13,2023-12-13,Afternoon,Y
Jon,Burnside,13,2023-12-13,Morning,Y
Jon,Burnside,13,2023-12-13,Afternoon,Y
Jon,Burnside,13,2023-12-13,Afternoon,Y
Jon,Burnside,13,2023-12-13,Afternoon,Y
Shelley,Carroll,13,2023-12-13,Morning,Y
Shelley,Carroll,13,2023-12-13,Afternoon,Y
Shelley,Carroll,13,2023-12-13,Afternoon,Y
Shelley,Carroll,13,2023-12-13,Afternoon,Y
Lily,Cheng,13,2023-12-13,Morning,Y
Lily,Cheng,13,2023-12-13,Afternoon,Y
Lily,Cheng,13,2023-12-13,Afternoon,Y
Lily,Cheng,13,2023-12-13,Afternoon,Y
Olivia,Chow,13,2023-12-13,Morning,Y
Olivia,Chow,13,2023-12-13,Afternoon,Y
Olivia,Chow,13,2023-12-13,Afternoon,Y
Olivia,Chow,13,2023-12-13,Afternoon,Y
Mike,Colle,13,2023-12-13,Morning,Y
Mike,Colle,13,2023-12-13,Afternoon,Y
Mike,Colle,13,2023-12-13,Afternoon,Y
Mike,Colle,13,2023-12-13,Afternoon,Y
Vincent,Crisanti,13,2023-12-13,Morning,Y
Vincent,Crisanti,13,2023-12-13,Afternoon,Y
Vincent,Crisanti,13,2023-12-13,Afternoon,Y
Vincent,Crisanti,13,2023-12-13,Afternoon,Y
Paula,Fletcher,13,2023-12-13,Morning,Y
Paula,Fletcher,13,2023-12-13,Afternoon,Y
Paula,Fletcher,13,2023-12-13,Afternoon,Y
Paula,Fletcher,13,2023-12-13,Afternoon,Y
Stephen,Holyday,13,2023-12-13,Morning,Y
Stephen,Holyday,13,2023-12-13,Afternoon,Y
Stephen,Holyday,13,2023-12-13,Afternoon,Y
Stephen,Holyday,13,2023-12-13,Afternoon,Y
Parthi,Kandavel,13,2023-12-13,Morning,Y
Parthi,Kandavel,13,2023-12-13,Afternoon,Y
Parthi,Kandavel,13,2023-12-13,Afternoon,Y
Parthi,Kandavel,13,2023-12-13,Afternoon,Y
Ausma,Malik,13,2023-12-13,Morning,Y
Ausma,Malik,13,2023-12-13,Afternoon,Y
Ausma,Malik,13,2023-12-13,Afternoon,Y
Ausma,Malik,13,2023-12-13,Afternoon,Y
Nick,Mantas,13,2023-12-13,Morning,Y
Nick,Mantas,13,2023-12-13,Afternoon,Y
Nick,Mantas,13,2023-12-13,Afternoon,Y
Nick,Mantas,13,2023-12-13,Afternoon,Y
Josh,Matlow,13,2023-12-13,Morning,Y
Josh,Matlow,13,2023-12-13,Afternoon,Y
Josh,Matlow,13,2023-12-13,Afternoon,Y
Josh,Matlow,13,2023-12-13,Afternoon,Y
Jennifer,McKelvie,13,2023-12-13,Morning,Y
Jennifer,McKelvie,13,2023-12-13,Afternoon,Y
Jennifer,McKelvie,13,2023-12-13,Afternoon,Y
Jennifer,McKelvie,13,2023-12-13,Afternoon,Y
Chris,Moise,13,2023-12-13,Morning,Y
Chris,Moise,13,2023-12-13,Afternoon,Y
Chris,Moise,13,2023-12-13,Afternoon,Y
Chris,Moise,13,2023-12-13,Afternoon,Y
Amber,Morley,13,2023-12-13,Morning,Y
Amber,Morley,13,2023-12-13,Afternoon,Y
Amber,Morley,13,2023-12-13,Afternoon,Y
Amber,Morley,13,2023-12-13,Afternoon,Y
Jamaal,Myers,13,2023-12-13,Morning,Y
Jamaal,Myers,13,2023-12-13,Afternoon,Y
Jamaal,Myers,13,2023-12-13,Afternoon,N
Jamaal,Myers,13,2023-12-13,Afternoon,N
Frances,Nunziata,13,2023-12-13,Morning,Y
Frances,Nunziata,13,2023-12-13,Afternoon,Y
Frances,Nunziata,13,2023-12-13,Afternoon,Y
Frances,Nunziata,13,2023-12-13,Afternoon,Y
James,Pasternak,13,2023-12-13,Morning,Y
James,Pasternak,13,2023-12-13,Afternoon,Y
James,Pasternak,13,2023-12-13,Afternoon,Y
James,Pasternak,13,2023-12-13,Afternoon,Y
Gord,Perks,13,2023-12-13,Morning,Y
Gord,Perks,13,2023-12-13,Afternoon,Y
Gord,Perks,13,2023-12-13,Afternoon,Y
Gord,Perks,13,2023-12-13,Afternoon,Y
Anthony,Perruzza,13,2023-12-13,Morning,Y
Anthony,Perruzza,13,2023-12-13,Afternoon,Y
Anthony,Perruzza,13,2023-12-13,Afternoon,Y
Anthony,Perruzza,13,2023-12-13,Afternoon,Y
Jaye,Robinson,13,2023-12-13,Morning,Y
Jaye,Robinson,13,2023-12-13,Afternoon,Y
Jaye,Robinson,13,2023-12-13,Afternoon,N
Jaye,Robinson,13,2023-12-13,Afternoon,N
Dianne,Saxe,13,2023-12-13,Morning,Y
Dianne,Saxe,13,2023-12-13,Afternoon,Y
Dianne,Saxe,13,2023-12-13,Afternoon,Y
Dianne,Saxe,13,2023-12-13,Afternoon,Y
Michael,Thompson,13,2023-12-13,Morning,Y
Michael,Thompson,13,2023-12-13,Afternoon,Y
Michael,Thompson,13,2023-12-13,Afternoon,Y
Michael,Thompson,13,2023-12-13,Afternoon,Y
Paul,Ainslie,13,2023-12-14,Morning,Y
Paul,Ainslie,13,2023-12-14,Afternoon,Y
Paul,Ainslie,13,2023-12-14,Afternoon,Y
Paul,Ainslie,13,2023-12-14,Evening,N
Brad,Bradford,13,2023-12-14,Morning,Y
Brad,Bradford,13,2023-12-14,Afternoon,Y
Brad,Bradford,13,2023-12-14,Afternoon,Y
Brad,Bradford,13,2023-12-14,Evening,Y
Alejandra,Bravo,13,2023-12-14,Morning,Y
Alejandra,Bravo,13,2023-12-14,Afternoon,Y
Alejandra,Bravo,13,2023-12-14,Afternoon,Y
Alejandra,Bravo,13,2023-12-14,Evening,Y
Jon,Burnside,13,2023-12-14,Morning,Y
Jon,Burnside,13,2023-12-14,Afternoon,Y
Jon,Burnside,13,2023-12-14,Afternoon,Y
Jon,Burnside,13,2023-12-14,Evening,Y
Shelley,Carroll,13,2023-12-14,Morning,Y
Shelley,Carroll,13,2023-12-14,Afternoon,Y
Shelley,Carroll,13,2023-12-14,Afternoon,Y
Shelley,Carroll,13,2023-12-14,Evening,Y
Lily,Cheng,13,2023-12-14,Morning,Y
Lily,Cheng,13,2023-12-14,Afternoon,Y
Lily,Cheng,13,2023-12-14,Afternoon,Y
Lily,Cheng,13,2023-12-14,Evening,Y
Olivia,Chow,13,2023-12-14,Morning,Y
Olivia,Chow,13,2023-12-14,Afternoon,Y
Olivia,Chow,13,2023-12-14,Afternoon,Y
Olivia,Chow,13,2023-12-14,Evening,Y
Mike,Colle,13,2023-12-14,Morning,Y
Mike,Colle,13,2023-12-14,Afternoon,Y
Mike,Colle,13,2023-12-14,Afternoon,Y
Mike,Colle,13,2023-12-14,Evening,Y
Vincent,Crisanti,13,2023-12-14,Morning,Y
Vincent,Crisanti,13,2023-12-14,Afternoon,Y
Vincent,Crisanti,13,2023-12-14,Afternoon,Y
Vincent,Crisanti,13,2023-12-14,Evening,N
Paula,Fletcher,13,2023-12-14,Morning,Y
Paula,Fletcher,13,2023-12-14,Afternoon,Y
Paula,Fletcher,13,2023-12-14,Afternoon,Y
Paula,Fletcher,13,2023-12-14,Evening,Y
Stephen,Holyday,13,2023-12-14,Morning,Y
Stephen,Holyday,13,2023-12-14,Afternoon,Y
Stephen,Holyday,13,2023-12-14,Afternoon,Y
Stephen,Holyday,13,2023-12-14,Evening,Y
Parthi,Kandavel,13,2023-12-14,Morning,Y
Parthi,Kandavel,13,2023-12-14,Afternoon,Y
Parthi,Kandavel,13,2023-12-14,Afternoon,Y
Parthi,Kandavel,13,2023-12-14,Evening,Y
Ausma,Malik,13,2023-12-14,Morning,Y
Ausma,Malik,13,2023-12-14,Afternoon,Y
Ausma,Malik,13,2023-12-14,Afternoon,Y
Ausma,Malik,13,2023-12-14,Evening,Y
Nick,Mantas,13,2023-12-14,Morning,Y
Nick,Mantas,13,2023-12-14,Afternoon,Y
Nick,Mantas,13,2023-12-14,Afternoon,Y
Nick,Mantas,13,2023-12-14,Evening,Y
Josh,Matlow,13,2023-12-14,Morning,Y
Josh,Matlow,13,2023-12-14,Afternoon,Y
Josh,Matlow,13,2023-12-14,Afternoon,Y
Josh,Matlow,13,2023-12-14,Evening,Y
Jennifer,McKelvie,13,2023-12-14,Morning,Y
Jennifer,McKelvie,13,2023-12-14,Afternoon,Y
Jennifer,McKelvie,13,2023-12-14,Afternoon,Y
Jennifer,McKelvie,13,2023-12-14,Evening,Y
Chris,Moise,13,2023-12-14,Morning,Y
Chris,Moise,13,2023-12-14,Afternoon,Y
Chris,Moise,13,2023-12-14,Afternoon,Y
Chris,Moise,13,2023-12-14,Evening,Y
Amber,Morley,13,2023-12-14,Morning,Y
Amber,Morley,13,2023-12-14,Afternoon,Y
Amber,Morley,13,2023-12-14,Afternoon,Y
Amber,Morley,13,2023-12-14,Evening,Y
Jamaal,Myers,13,2023-12-14,Morning,Y
Jamaal,Myers,13,2023-12-14,Afternoon,Y
Jamaal,Myers,13,2023-12-14,Afternoon,Y
Jamaal,Myers,13,2023-12-14,Evening,Y
Frances,Nunziata,13,2023-12-14,Morning,Y
Frances,Nunziata,13,2023-12-14,Afternoon,Y
Frances,Nunziata,13,2023-12-14,Afternoon,Y
Frances,Nunziata,13,2023-12-14,Evening,Y
James,Pasternak,13,2023-12-14,Morning,Y
James,Pasternak,13,2023-12-14,Afternoon,Y
James,Pasternak,13,2023-12-14,Evening,Y
James,Pasternak,13,2023-12-14,Afternoon,N
Gord,Perks,13,2023-12-14,Morning,Y
Gord,Perks,13,2023-12-14,Afternoon,Y
Gord,Perks,13,2023-12-14,Afternoon,Y
Gord,Perks,13,2023-12-14,Evening,Y
Anthony,Perruzza,13,2023-12-14,Morning,Y
Anthony,Perruzza,13,2023-12-14,Afternoon,Y
Anthony,Perruzza,13,2023-12-14,Afternoon,Y
Anthony,Perruzza,13,2023-12-14,Evening,N
Jaye,Robinson,13,2023-12-14,Afternoon,Y
Jaye,Robinson,13,2023-12-14,Afternoon,Y
Jaye,Robinson,13,2023-12-14,Evening,Y
Jaye,Robinson,13,2023-12-14,Morning,N
Dianne,Saxe,13,2023-12-14,Morning,Y
Dianne,Saxe,13,2023-12-14,Afternoon,Y
Dianne,Saxe,13,2023-12-14,Afternoon,Y
Dianne,Saxe,13,2023-12-14,Evening,Y
Michael,Thompson,13,2023-12-14,Morning,Y
Michael,Thompson,13,2023-12-14,Afternoon,Y
Michael,Thompson,13,2023-12-14,Afternoon,Y
Michael,Thompson,13,2023-12-14,Evening,N
Paul,Ainslie,13,2023-12-15,Morning,Y
Paul,Ainslie,13,2023-12-15,Afternoon,Y
Brad,Bradford,13,2023-12-15,Morning,Y
Brad,Bradford,13,2023-12-15,Afternoon,Y
Alejandra,Bravo,13,2023-12-15,Morning,Y
Alejandra,Bravo,13,2023-12-15,Afternoon,Y
Jon,Burnside,13,2023-12-15,Morning,Y
Jon,Burnside,13,2023-12-15,Afternoon,Y
Shelley,Carroll,13,2023-12-15,Morning,Y
Shelley,Carroll,13,2023-12-15,Afternoon,Y
Lily,Cheng,13,2023-12-15,Morning,Y
Lily,Cheng,13,2023-12-15,Afternoon,Y
Olivia,Chow,13,2023-12-15,Morning,Y
Olivia,Chow,13,2023-12-15,Afternoon,Y
Mike,Colle,13,2023-12-15,Morning,Y
Mike,Colle,13,2023-12-15,Afternoon,Y
Vincent,Crisanti,13,2023-12-15,Morning,Y
Vincent,Crisanti,13,2023-12-15,Afternoon,Y
Paula,Fletcher,13,2023-12-15,Morning,Y
Paula,Fletcher,13,2023-12-15,Afternoon,N
Stephen,Holyday,13,2023-12-15,Morning,Y
Stephen,Holyday,13,2023-12-15,Afternoon,Y
Parthi,Kandavel,13,2023-12-15,Morning,Y
Parthi,Kandavel,13,2023-12-15,Afternoon,Y
Ausma,Malik,13,2023-12-15,Morning,Y
Ausma,Malik,13,2023-12-15,Afternoon,Y
Nick,Mantas,13,2023-12-15,Afternoon,Y
Nick,Mantas,13,2023-12-15,Morning,N
Josh,Matlow,13,2023-12-15,Morning,Y
Josh,Matlow,13,2023-12-15,Afternoon,Y
Jennifer,McKelvie,13,2023-12-15,Morning,Y
Jennifer,McKelvie,13,2023-12-15,Afternoon,Y
Chris,Moise,13,2023-12-15,Morning,Y
Chris,Moise,13,2023-12-15,Afternoon,N
Amber,Morley,13,2023-12-15,Morning,Y
Amber,Morley,13,2023-12-15,Afternoon,Y
Jamaal,Myers,13,2023-12-15,Morning,Y
Jamaal,Myers,13,2023-12-15,Afternoon,Y
Frances,Nunziata,13,2023-12-15,Morning,Y
Frances,Nunziata,13,2023-12-15,Afternoon,Y
James,Pasternak,13,2023-12-15,Morning,Y
James,Pasternak,13,2023-12-15,Afternoon,Y
Gord,Perks,13,2023-12-15,Morning,Y
Gord,Perks,13,2023-12-15,Afternoon,Y
Anthony,Perruzza,13,2023-12-15,Morning,Y
Anthony,Perruzza,13,2023-12-15,Afternoon,Y
Jaye,Robinson,13,2023-12-15,Morning,Y
Jaye,Robinson,13,2023-12-15,Afternoon,N
Dianne,Saxe,13,2023-12-15,Morning,Y
Dianne,Saxe,13,2023-12-15,Afternoon,Y
Michael,Thompson,13,2023-12-15,Morning,Y
Michael,Thompson,13,2023-12-15,Afternoon,Y